method,mover,layout,cell,scene_seed,hotspot_centers,success_rate,mean_delay_s,eff_latency_s,energy_j,leo_invalid_attempts,leo_placements,dep_violations,apps_arrived,apps_done,apps_failed,frac_unassociated,fail_uncovered
Ours(T-patrol),patrol,aligned,R800-l0.2,0,"[500.0, 150.0, 1500.0, 1850.0]",0.7105263157894737,2.0434151196048194,4.083479,21864.577049384665,889,309,0,114,81,25,0.295,20
B3-hover,hover,aligned,R800-l0.2,0,"[500.0, 150.0, 1500.0, 1850.0]",0.5688073394495413,1.251818872925062,4.565255,14600.109278277785,36,231,0,109,62,35,0.325,35
B7-hoverHot,hover,aligned,R800-l0.2,0,"[500.0, 150.0, 1500.0, 1850.0]",0.7560975609756098,2.2479822231493034,3.846035,21510.530080274468,718,317,0,123,93,22,0.275,17
Ours(T-patrol),patrol,aligned,R800-l0.2,1,"[500.0, 150.0, 1500.0, 1850.0]",0.67,1.6165307286992268,3.843076,19707.670555347595,274,265,0,100,67,23,0.2955,22
B3-hover,hover,aligned,R800-l0.2,1,"[500.0, 150.0, 1500.0, 1850.0]",0.6138613861386139,1.5963840973513586,4.544315,15428.156944413831,449,244,0,101,62,30,0.3,26
B7-hoverHot,hover,aligned,R800-l0.2,1,"[500.0, 150.0, 1500.0, 1850.0]",0.8650793650793651,2.096830469238433,3.05202,21120.70073638827,1099,374,0,126,109,13,0.175,4
Ours(T-patrol),patrol,aligned,R800-l0.2,2,"[500.0, 150.0, 1500.0, 1850.0]",0.8191489361702128,1.7161696621918894,3.065373,21171.802378221513,236,286,0,94,77,13,0.223,11
B3-hover,hover,aligned,R800-l0.2,2,"[500.0, 150.0, 1500.0, 1850.0]",0.7191011235955056,1.6409448809282141,3.337309,15577.968639473362,341,248,0,89,64,16,0.175,14
B7-hoverHot,hover,aligned,R800-l0.2,2,"[500.0, 150.0, 1500.0, 1850.0]",0.8426966292134831,1.3424226913286963,2.344738,15112.417439933324,425,301,0,89,75,9,0.2,6
Ours(T-patrol),patrol,aligned,R800-l0.2,3,"[500.0, 150.0, 1500.0, 1850.0]",0.7821782178217822,2.271419973638909,3.796457,22430.188008177032,1197,296,0,101,79,17,0.192,13
B3-hover,hover,aligned,R800-l0.2,3,"[500.0, 150.0, 1500.0, 1850.0]",0.7011494252873564,1.533889337496867,4.109968,15929.907700315496,838,232,0,87,61,22,0.175,16
B7-hoverHot,hover,aligned,R800-l0.2,3,"[500.0, 150.0, 1500.0, 1850.0]",0.7314814814814815,1.9119343066870276,3.842989,18106.362049838128,643,289,0,108,79,22,0.25,17
Ours(T-patrol),patrol,aligned,R800-l0.2,4,"[500.0, 150.0, 1500.0, 1850.0]",0.673469387755102,1.7940293876785207,4.146999,21017.5541334551,1131,267,0,98,66,24,0.226,16
B3-hover,hover,aligned,R800-l0.2,4,"[500.0, 150.0, 1500.0, 1850.0]",0.625,1.3258462264369417,4.783199,15101.741256694731,676,215,0,88,55,29,0.25,23
B7-hoverHot,hover,aligned,R800-l0.2,4,"[500.0, 150.0, 1500.0, 1850.0]",0.6458333333333334,1.3482219382247747,4.620727,14485.211909148667,817,242,0,96,62,30,0.35,24
Ours(T-patrol),patrol,aligned,R800-l0.2,5,"[500.0, 150.0, 1500.0, 1850.0]",0.7951807228915663,1.8142898640862617,3.322206,20238.90797156362,320,248,0,83,66,13,0.324,12
B3-hover,hover,aligned,R800-l0.2,5,"[500.0, 150.0, 1500.0, 1850.0]",0.6835443037974683,1.4292134330114745,4.014905,14947.550060274001,31,197,0,79,54,20,0.3,20
B7-hoverHot,hover,aligned,R800-l0.2,5,"[500.0, 150.0, 1500.0, 1850.0]",0.7961165048543689,1.6372969747830983,3.400567,17059.02851423284,944,310,0,103,82,18,0.325,14
Ours(T-patrol),patrol,aligned,R800-l0.2,6,"[500.0, 150.0, 1500.0, 1850.0]",0.7428571428571429,1.8296325865619056,3.587727,19200.242427510326,524,209,0,70,52,13,0.21,10
B3-hover,hover,aligned,R800-l0.2,6,"[500.0, 150.0, 1500.0, 1850.0]",0.6764705882352942,1.2883978935643434,3.871563,14306.942533101057,520,175,0,68,46,17,0.25,14
B7-hoverHot,hover,aligned,R800-l0.2,6,"[500.0, 150.0, 1500.0, 1850.0]",0.7323943661971831,1.2873290906990145,3.30903,14346.635497031395,285,199,0,71,52,14,0.325,12
Ours(T-patrol),patrol,aligned,R800-l0.2,7,"[500.0, 150.0, 1500.0, 1850.0]",0.7023809523809523,1.9668591202507757,4.09577,20382.36367567275,755,225,0,84,59,19,0.2445,15
B3-hover,hover,aligned,R800-l0.2,7,"[500.0, 150.0, 1500.0, 1850.0]",0.6265060240963856,1.1840793561957574,4.067134,15083.500584447833,802,186,0,83,52,23,0.225,18
B7-hoverHot,hover,aligned,R800-l0.2,7,"[500.0, 150.0, 1500.0, 1850.0]",0.7980769230769231,1.7813868472003749,3.152453,18558.47876678122,1023,291,0,104,83,15,0.225,10
Ours(T-patrol),patrol,aligned,R800-l0.2,8,"[500.0, 150.0, 1500.0, 1850.0]",0.8115942028985508,1.5895372202308249,3.02919,18501.35141042407,297,226,0,69,56,10,0.2415,10
B3-hover,hover,aligned,R800-l0.2,8,"[500.0, 150.0, 1500.0, 1850.0]",0.7297297297297297,1.5356295029898075,3.228703,15295.179510623459,586,225,0,74,54,13,0.175,8
B7-hoverHot,hover,aligned,R800-l0.2,8,"[500.0, 150.0, 1500.0, 1850.0]",0.675,1.3126404734179677,3.886032,14337.102717683183,982,238,0,80,54,20,0.3,12
Ours(T-patrol),patrol,aligned,R800-l0.2,9,"[500.0, 150.0, 1500.0, 1850.0]",0.6551724137931034,1.8798690063451167,4.12819,18750.62224608007,83,224,0,87,57,21,0.3005,21
B3-hover,hover,aligned,R800-l0.2,9,"[500.0, 150.0, 1500.0, 1850.0]",0.4691358024691358,0.9541572623176198,5.18837,13493.361859250766,565,158,0,81,38,32,0.3,28
B7-hoverHot,hover,aligned,R800-l0.2,9,"[500.0, 150.0, 1500.0, 1850.0]",0.8387096774193549,1.6416642814128128,2.667202,16453.577122422244,941,306,0,93,78,10,0.25,4
Ours(T-patrol),patrol,corners,R800-l0.2,0,"[150.0, 150.0, 1850.0, 1850.0]",0.6739130434782609,1.899457883929942,4.280069,19681.46668622078,160,236,0,92,62,23,0.295,23
B3-hover,hover,corners,R800-l0.2,0,"[150.0, 150.0, 1850.0, 1850.0]",0.6292134831460674,1.3489554204749936,4.624062,14476.907540715736,107,220,0,89,56,28,0.325,27
B7-hoverHot,hover,corners,R800-l0.2,0,"[150.0, 150.0, 1850.0, 1850.0]",0.7058823529411765,1.2895051741833987,3.851415,14949.216267429174,479,283,0,102,72,25,0.35,21
Ours(T-patrol),patrol,corners,R800-l0.2,1,"[150.0, 150.0, 1850.0, 1850.0]",0.7619047619047619,2.5859831244486733,4.11313,21780.42367674099,401,228,0,84,64,15,0.2955,10
B3-hover,hover,corners,R800-l0.2,1,"[150.0, 150.0, 1850.0, 1850.0]",0.6623376623376623,1.0393584793389175,3.493601,13544.109231948603,137,203,0,77,51,18,0.3,18
B7-hoverHot,hover,corners,R800-l0.2,1,"[150.0, 150.0, 1850.0, 1850.0]",0.75,1.360827757526819,2.846708,15515.243890955371,194,269,0,92,69,14,0.325,14
Ours(T-patrol),patrol,corners,R800-l0.2,2,"[150.0, 150.0, 1850.0, 1850.0]",0.7659574468085106,2.0273867526307163,3.212466,21106.626735287533,825,276,0,94,72,13,0.223,9
B3-hover,hover,corners,R800-l0.2,2,"[150.0, 150.0, 1850.0, 1850.0]",0.723404255319149,1.4277765093230836,3.203072,15513.723327856467,663,257,0,94,68,17,0.175,13
B7-hoverHot,hover,corners,R800-l0.2,2,"[150.0, 150.0, 1850.0, 1850.0]",0.8181818181818182,1.8590868605080986,3.096829,17726.5310696108,409,294,0,99,81,13,0.3,11
Ours(T-patrol),patrol,corners,R800-l0.2,3,"[150.0, 150.0, 1850.0, 1850.0]",0.8227848101265823,1.5512015732167395,2.491495,19901.597647177656,518,248,0,79,65,8,0.192,3
B3-hover,hover,corners,R800-l0.2,3,"[150.0, 150.0, 1850.0, 1850.0]",0.810126582278481,1.4569840140985233,2.699329,15047.265984165277,527,243,0,79,64,10,0.175,5
B7-hoverHot,hover,corners,R800-l0.2,3,"[150.0, 150.0, 1850.0, 1850.0]",0.6842105263157895,1.137097783903317,3.146435,13647.683113308898,218,206,0,76,52,15,0.325,13
Ours(T-patrol),patrol,corners,R800-l0.2,4,"[150.0, 150.0, 1850.0, 1850.0]",0.7073170731707317,1.8373185775000485,3.933713,20887.79505396307,470,225,0,82,58,18,0.226,14
B3-hover,hover,corners,R800-l0.2,4,"[150.0, 150.0, 1850.0, 1850.0]",0.5897435897435898,1.1674570120071208,4.380808,13582.034333044028,425,197,0,78,46,24,0.25,20
B7-hoverHot,hover,corners,R800-l0.2,4,"[150.0, 150.0, 1850.0, 1850.0]",0.5609756097560976,1.2607898244096,5.536541,14136.325796605144,505,182,0,82,46,33,0.4,29
Ours(T-patrol),patrol,corners,R800-l0.2,5,"[150.0, 150.0, 1850.0, 1850.0]",0.7183098591549296,1.727119439000265,3.944832,19320.18300700156,575,190,0,71,51,16,0.324,13
B3-hover,hover,corners,R800-l0.2,5,"[150.0, 150.0, 1850.0, 1850.0]",0.7297297297297297,1.3820111505930552,3.765251,14164.094218259563,705,203,0,74,54,17,0.3,14
B7-hoverHot,hover,corners,R800-l0.2,5,"[150.0, 150.0, 1850.0, 1850.0]",0.5294117647058824,0.8919342938845828,4.883965,12999.314513779042,319,149,0,68,36,25,0.425,23
Ours(T-patrol),patrol,corners,R800-l0.2,6,"[150.0, 150.0, 1850.0, 1850.0]",0.7333333333333333,1.6902145790218646,3.159491,20620.21806109344,633,206,0,75,55,12,0.21,8
B3-hover,hover,corners,R800-l0.2,6,"[150.0, 150.0, 1850.0, 1850.0]",0.6785714285714286,1.480217529497102,4.004433,15189.431508108044,53,211,0,84,57,21,0.25,21
B7-hoverHot,hover,corners,R800-l0.2,6,"[150.0, 150.0, 1850.0, 1850.0]",0.6781609195402298,1.4803705725640155,4.038412,15184.544822785652,880,234,0,87,59,22,0.375,15
Ours(T-patrol),patrol,corners,R800-l0.2,7,"[150.0, 150.0, 1850.0, 1850.0]",0.8472222222222222,1.7371894165248407,2.638452,19920.374220865237,45,229,0,72,61,7,0.2445,7
B3-hover,hover,corners,R800-l0.2,7,"[150.0, 150.0, 1850.0, 1850.0]",0.7424242424242424,1.4770801704287408,3.642075,14942.450640911955,51,179,0,66,49,14,0.225,14
B7-hoverHot,hover,corners,R800-l0.2,7,"[150.0, 150.0, 1850.0, 1850.0]",0.6842105263157895,1.0589402048661647,3.092959,14683.845785790554,437,205,0,76,52,15,0.35,13
Ours(T-patrol),patrol,corners,R800-l0.2,8,"[150.0, 150.0, 1850.0, 1850.0]",0.7894736842105263,1.6100126422606107,3.797378,18544.441341885133,124,175,0,57,45,12,0.2415,12
B3-hover,hover,corners,R800-l0.2,8,"[150.0, 150.0, 1850.0, 1850.0]",0.7666666666666667,1.167750150968113,3.295275,13547.352009161688,158,184,0,60,46,12,0.175,10
B7-hoverHot,hover,corners,R800-l0.2,8,"[150.0, 150.0, 1850.0, 1850.0]",0.6875,1.189262545802451,3.630118,13759.786728021216,23,169,0,64,44,15,0.4,15
Ours(T-patrol),patrol,corners,R800-l0.2,9,"[150.0, 150.0, 1850.0, 1850.0]",0.625,1.1914674450056066,4.078,18337.494410581945,612,180,0,72,45,20,0.3005,19
B3-hover,hover,corners,R800-l0.2,9,"[150.0, 150.0, 1850.0, 1850.0]",0.4714285714285714,0.983404847257197,5.263605,13541.852627669869,718,142,0,70,33,28,0.3,23
B7-hoverHot,hover,corners,R800-l0.2,9,"[150.0, 150.0, 1850.0, 1850.0]",0.8372093023255814,1.3327425648660842,2.511133,14830.42642385622,966,287,0,86,72,10,0.275,5
Ours(T-patrol),patrol,interior,R800-l0.2,0,"[700.0, 700.0, 1300.0, 1300.0]",0.8333333333333334,1.6998514113400611,3.063602,21003.632438679822,548,314,0,102,85,14,0.295,10
B3-hover,hover,interior,R800-l0.2,0,"[700.0, 700.0, 1300.0, 1300.0]",0.7676767676767676,1.6006493677068643,3.531812,16454.392442218057,698,296,0,99,76,19,0.325,13
B7-hoverHot,hover,interior,R800-l0.2,0,"[700.0, 700.0, 1300.0, 1300.0]",0.7766990291262136,1.5648162633159157,3.312479,16542.263539919608,682,299,0,103,80,18,0.225,12
Ours(T-patrol),patrol,interior,R800-l0.2,1,"[700.0, 700.0, 1300.0, 1300.0]",0.7934782608695652,1.817893165206734,2.877241,21184.364536503,49,277,0,92,73,11,0.2955,11
B3-hover,hover,interior,R800-l0.2,1,"[700.0, 700.0, 1300.0, 1300.0]",0.8,1.6857619893981548,3.495978,16642.026005290303,452,278,0,95,76,17,0.3,14
B7-hoverHot,hover,interior,R800-l0.2,1,"[700.0, 700.0, 1300.0, 1300.0]",0.8275862068965517,1.735809260381212,2.953773,17205.701613134628,298,272,0,87,72,11,0.25,8
Ours(T-patrol),patrol,interior,R800-l0.2,2,"[700.0, 700.0, 1300.0, 1300.0]",0.7916666666666666,1.7540659721249128,3.088636,23168.9925768754,1794,357,0,120,95,17,0.223,6
B3-hover,hover,interior,R800-l0.2,2,"[700.0, 700.0, 1300.0, 1300.0]",0.7815126050420168,2.1039990476006345,3.560268,20444.029976119768,1857,336,0,119,93,19,0.175,5
B7-hoverHot,hover,interior,R800-l0.2,2,"[700.0, 700.0, 1300.0, 1300.0]",0.8623853211009175,1.6965681622161828,2.894288,19484.724054500966,1184,319,0,109,94,13,0.15,5
Ours(T-patrol),patrol,interior,R800-l0.2,3,"[700.0, 700.0, 1300.0, 1300.0]",0.7974683544303798,1.3686390277915368,2.610434,19750.285470593426,431,238,0,79,63,10,0.192,6
B3-hover,hover,interior,R800-l0.2,3,"[700.0, 700.0, 1300.0, 1300.0]",0.7307692307692307,1.4670225614522903,2.918209,14812.065679123742,641,226,0,78,57,12,0.175,8
B7-hoverHot,hover,interior,R800-l0.2,3,"[700.0, 700.0, 1300.0, 1300.0]",0.788235294117647,1.1971404715804723,2.778922,15059.396460148813,412,255,0,85,67,13,0.225,11
Ours(T-patrol),patrol,interior,R800-l0.2,4,"[700.0, 700.0, 1300.0, 1300.0]",0.8165137614678899,2.3421029831593914,3.783919,23942.74685414571,807,309,0,109,89,17,0.226,11
B3-hover,hover,interior,R800-l0.2,4,"[700.0, 700.0, 1300.0, 1300.0]",0.728,1.9201599242570504,3.509876,18984.114518400387,571,328,0,125,91,22,0.25,18
B7-hoverHot,hover,interior,R800-l0.2,4,"[700.0, 700.0, 1300.0, 1300.0]",0.7478991596638656,1.699813380599061,3.489776,17551.819631648923,429,334,0,119,89,22,0.3,18
Ours(T-patrol),patrol,interior,R800-l0.2,5,"[700.0, 700.0, 1300.0, 1300.0]",0.7446808510638298,1.4702955228396295,3.392773,19598.419884988212,115,272,0,94,70,18,0.324,18
B3-hover,hover,interior,R800-l0.2,5,"[700.0, 700.0, 1300.0, 1300.0]",0.7551020408163265,1.2437368798667459,3.14323,14454.859380291937,144,290,0,98,74,18,0.3,18
B7-hoverHot,hover,interior,R800-l0.2,5,"[700.0, 700.0, 1300.0, 1300.0]",0.7373737373737373,1.4132183407580716,3.587525,16258.4768261885,1478,279,0,99,73,21,0.325,13
Ours(T-patrol),patrol,interior,R800-l0.2,6,"[700.0, 700.0, 1300.0, 1300.0]",0.8170731707317073,1.5098324718948886,2.550717,20234.126057192847,375,259,0,82,67,9,0.21,6
B3-hover,hover,interior,R800-l0.2,6,"[700.0, 700.0, 1300.0, 1300.0]",0.75,1.39219860256982,3.41257,15362.360716771997,1104,217,0,76,57,15,0.25,10
B7-hoverHot,hover,interior,R800-l0.2,6,"[700.0, 700.0, 1300.0, 1300.0]",0.7951807228915663,1.6508419503516212,3.336814,15943.655012360578,1308,262,0,83,66,14,0.25,6
Ours(T-patrol),patrol,interior,R800-l0.2,7,"[700.0, 700.0, 1300.0, 1300.0]",0.8113207547169812,1.71270780913178,3.314084,22873.801693929403,1294,302,0,106,86,17,0.2445,10
B3-hover,hover,interior,R800-l0.2,7,"[700.0, 700.0, 1300.0, 1300.0]",0.8378378378378378,2.0577572828109054,2.805148,20063.1139658659,993,312,0,111,93,10,0.225,4
B7-hoverHot,hover,interior,R800-l0.2,7,"[700.0, 700.0, 1300.0, 1300.0]",0.8191489361702128,1.3105454452468055,2.477787,16468.058679686088,987,289,0,94,77,11,0.175,4
Ours(T-patrol),patrol,interior,R800-l0.2,8,"[700.0, 700.0, 1300.0, 1300.0]",0.7520661157024794,2.4476510782607193,3.824267,27119.84266391458,1284,320,0,121,91,20,0.2415,10
B3-hover,hover,interior,R800-l0.2,8,"[700.0, 700.0, 1300.0, 1300.0]",0.8,2.41559503074966,3.18465,20520.0506496231,790,341,0,115,92,12,0.175,7
B7-hoverHot,hover,interior,R800-l0.2,8,"[700.0, 700.0, 1300.0, 1300.0]",0.8278688524590164,2.2705349357884566,3.060033,21014.391329340902,891,354,0,122,101,12,0.225,6
Ours(T-patrol),patrol,interior,R800-l0.2,9,"[700.0, 700.0, 1300.0, 1300.0]",0.7714285714285715,2.3229629194973183,4.077714,22325.43005630862,1420,314,0,105,81,20,0.3005,10
B3-hover,hover,interior,R800-l0.2,9,"[700.0, 700.0, 1300.0, 1300.0]",0.8285714285714286,1.896437383667915,3.399905,16915.88196752765,1431,338,0,105,87,16,0.3,7
B7-hoverHot,hover,interior,R800-l0.2,9,"[700.0, 700.0, 1300.0, 1300.0]",0.8125,1.924966308242018,3.314035,16590.464678317127,715,298,0,96,78,14,0.275,9
