R,cell,delta,episodes,lambda_high,method,mover,scene_seed,train_seed,wall_s,success_rate,mean_delay_s,energy_j,leo_invalid_attempts,leo_placements,reward,apps_arrived,apps_done,apps_failed,frac_unassociated,fail_uncovered
600.0,R600-l0.1,,,0.1,Ours(T-patrol),,0,,0.0,0.4375,1.3897336088356287,17892.59669966729,160,152,-478.1259669966727,80,35,36,0.5375,36
600.0,R600-l0.1,,,0.1,Ours(T-patrol),,1,,0.0,0.5342465753424658,1.6666048155505542,18476.51019025915,241,157,-410.06510190259166,73,39,27,0.467,26
600.0,R600-l0.1,,,0.1,Ours(T-patrol),,2,,0.0,0.71875,2.080395778942819,18989.26345439259,143,180,-292.0726345439259,64,46,12,0.367,12
600.0,R600-l0.1,,,0.1,Ours(T-patrol),,3,,0.0,0.524390243902439,1.813195275580275,18796.684251210627,232,174,-446.10684251210614,82,43,31,0.473,30
600.0,R600-l0.1,,,0.1,Ours(T-patrol),,4,,0.0,0.5675675675675675,1.02572573967612,18383.048606868193,23,162,-432.650486068682,74,42,30,0.407,30
600.0,R600-l0.1,,,0.1,B3-hover,,0,,0.0,0.45348837209302323,1.1566804730299474,13429.068578880899,91,155,-449.810685788809,86,39,38,0.5,37
600.0,R600-l0.1,,,0.1,B3-hover,,1,,0.0,0.375,0.9009128432680492,12666.516742817594,206,113,-392.38516742817603,72,27,32,0.475,30
600.0,R600-l0.1,,,0.1,B3-hover,,2,,0.0,0.5396825396825397,1.0300845826666343,13675.65989144856,27,131,-328.1965989144856,63,34,23,0.4,23
600.0,R600-l0.1,,,0.1,B3-hover,,3,,0.0,0.48148148148148145,1.4782877037345439,13950.60458032579,223,158,-405.90604580325794,81,39,32,0.4,31
600.0,R600-l0.1,,,0.1,B3-hover,,4,,0.0,0.4805194805194805,0.9151041036926062,13288.630420984753,21,140,-414.94630420984754,77,37,34,0.375,34
600.0,R600-l0.1,-,250,0.1,B4-flat,patrol,0,100,44.11,0.45,2.223250279353725,20681.88235318927,154,119,,80,36,36,0.5375,36
600.0,R600-l0.1,-,250,0.1,B4-flat,patrol,1,101,41.83,0.5070422535211268,3.0123027484119405,21454.132111737632,66,115,,71,36,29,0.499,29
600.0,R600-l0.1,-,250,0.1,B4-flat,patrol,2,102,41.91,0.5230769230769231,4.113842968302144,24450.126446350678,53,115,,65,34,20,0.367,13
600.0,R600-l0.1,-,250,0.1,B4-flat,patrol,3,103,42.84,0.46835443037974683,2.6562246444791073,21330.203805294,102,148,,79,37,27,0.4495,25
600.0,R600-l0.1,-,250,0.1,B4-flat,patrol,4,104,42.49,0.4375,2.6017302213369415,20501.026385129215,259,121,,80,35,38,0.407,35
800.0,R800-l0.1,,,0.1,Ours(T-patrol),,0,,0.0,0.7159090909090909,1.4104579135704935,19789.924314645887,484,244,-389.9592431464588,88,63,23,0.295,20
800.0,R800-l0.1,,,0.1,Ours(T-patrol),,1,,0.0,0.6052631578947368,1.4670563842541482,19186.04209687916,328,176,-367.7804209687916,76,46,21,0.2955,19
800.0,R800-l0.1,,,0.1,Ours(T-patrol),,2,,0.0,0.8194444444444444,1.6979362153674447,19483.230616436496,402,232,-272.192306164365,72,59,9,0.223,5
800.0,R800-l0.1,,,0.1,Ours(T-patrol),,3,,0.0,0.7317073170731707,1.4030810856801679,19714.01271993786,655,231,-356.32012719937853,82,60,19,0.192,15
800.0,R800-l0.1,,,0.1,Ours(T-patrol),,4,,0.0,0.7407407407407407,1.640101893216834,19018.3483121345,344,238,-357.703483121345,81,60,20,0.226,18
800.0,R800-l0.1,,,0.1,B3-hover,,0,,0.0,0.5581395348837209,1.1770306510985142,14087.526938177052,261,194,-390.73526938177065,86,48,30,0.325,27
800.0,R800-l0.1,,,0.1,B3-hover,,1,,0.0,0.6103896103896104,1.442627852756184,15067.628313336732,328,176,-310.3362831333673,77,47,19,0.3,18
800.0,R800-l0.1,,,0.1,B3-hover,,2,,0.0,0.8142857142857143,1.2951458540547256,14709.689294209522,500,218,-215.93689294209523,70,57,8,0.175,5
800.0,R800-l0.1,,,0.1,B3-hover,,3,,0.0,0.6666666666666666,1.2805131750930074,14099.442326267541,551,207,-308.49442326267535,78,52,20,0.175,15
800.0,R800-l0.1,,,0.1,B3-hover,,4,,0.0,0.6875,1.229863806734765,14031.48643762016,29,213,-307.5748643762016,80,55,20,0.25,20
800.0,R800-l0.1,-,250,0.1,B4-flat,patrol,0,100,45.4,0.6962025316455697,3.884281934322793,24018.123103798123,202,188,,79,55,23,0.295,19
800.0,R800-l0.1,-,250,0.1,B4-flat,patrol,1,101,44.92,0.704225352112676,2.138504645456156,21799.694204559764,62,178,,71,50,15,0.2845,15
800.0,R800-l0.1,-,250,0.1,B4-flat,patrol,2,102,44.51,0.6417910447761194,2.707857542895582,21438.682268452045,218,161,,67,43,17,0.223,7
800.0,R800-l0.1,-,250,0.1,B4-flat,patrol,3,103,43.8,0.6625,4.115418090394547,24888.306580845005,184,165,,80,53,20,0.187,15
800.0,R800-l0.1,-,250,0.1,B4-flat,patrol,4,104,43.7,0.675,2.762729101878092,22491.755206046022,91,187,,80,54,21,0.226,19
900.0,R900-l0.1,,,0.1,Ours(T-patrol),,0,,0.0,0.8089887640449438,2.0095134893114848,20203.99750042155,756,284,-329.31997500421545,89,72,15,0.2185,9
900.0,R900-l0.1,,,0.1,Ours(T-patrol),,1,,0.0,0.810126582278481,1.6542360267670886,21293.544328568336,264,230,-306.81544328568344,79,64,11,0.1895,9
900.0,R900-l0.1,,,0.1,Ours(T-patrol),,2,,0.0,0.8333333333333334,1.6941255074693709,19618.101523719524,439,235,-265.3610152371953,72,60,8,0.1595,4
900.0,R900-l0.1,,,0.1,Ours(T-patrol),,3,,0.0,0.813953488372093,1.7383182260623602,20961.9952351786,742,260,-295.45995235178606,86,70,10,0.1125,5
900.0,R900-l0.1,,,0.1,Ours(T-patrol),,4,,0.0,0.7948717948717948,1.3598383476773686,19325.710572010175,192,230,-278.55710572010184,78,62,10,0.1805,9
900.0,R900-l0.1,,,0.1,B3-hover,,0,,0.0,0.7241379310344828,1.2841575952048068,15035.340039310682,678,242,-309.95340039310685,87,63,19,0.225,14
900.0,R900-l0.1,,,0.1,B3-hover,,1,,0.0,0.8375,1.3513822152277386,15921.999581973274,237,237,-236.51999581973274,80,67,9,0.125,7
900.0,R900-l0.1,,,0.1,B3-hover,,2,,0.0,0.8472222222222222,1.4909340115139054,15023.394160940174,472,236,-219.17394160940177,72,61,8,0.1,4
900.0,R900-l0.1,,,0.1,B3-hover,,3,,0.0,0.7272727272727273,1.4175227833920434,14235.425826012877,566,224,-276.9942582601288,77,56,16,0.125,11
900.0,R900-l0.1,,,0.1,B3-hover,,4,,0.0,0.8421052631578947,1.479608080521634,15531.802054468313,400,246,-240.69802054468315,76,64,10,0.125,7
900.0,R900-l0.1,-,250,0.1,B4-flat,patrol,0,100,46.08,0.7439024390243902,3.312327281558023,23964.264273740067,111,210,,82,61,16,0.2185,13
900.0,R900-l0.1,-,250,0.1,B4-flat,patrol,1,101,46.03,0.6447368421052632,2.9581273395766687,24062.682871720866,184,181,,76,49,19,0.195,10
900.0,R900-l0.1,-,250,0.1,B4-flat,patrol,2,102,46.37,0.6885245901639344,4.621013075797789,25211.61072507865,131,124,,61,42,11,0.1595,9
900.0,R900-l0.1,-,250,0.1,B4-flat,patrol,3,103,51.27,0.620253164556962,4.014614320125569,25131.411369206206,309,160,,79,49,23,0.1215,8
900.0,R900-l0.1,-,250,0.1,B4-flat,patrol,4,104,44.59,0.7662337662337663,3.146905501644023,27496.902531844004,32,158,,77,59,13,0.1805,9
600.0,R600-l0.2,,,0.2,Ours(T-patrol),,0,,0.0,0.41,2.3134324363029153,18215.075870468663,249,174,-589.4107587046866,100,41,49,0.5375,48
600.0,R600-l0.2,,,0.2,Ours(T-patrol),,1,,0.0,0.5053763440860215,2.1059133463771826,18303.87916700712,36,182,-515.8387916700713,93,47,40,0.467,40
600.0,R600-l0.2,,,0.2,Ours(T-patrol),,2,,0.0,0.6075949367088608,1.9081975687696886,19354.621300809977,541,199,-394.6262130080997,79,48,24,0.367,23
600.0,R600-l0.2,,,0.2,Ours(T-patrol),,3,,0.0,0.4857142857142857,1.564346766126105,18747.07870505709,180,214,-504.6107870505709,105,51,38,0.473,38
600.0,R600-l0.2,,,0.2,Ours(T-patrol),,4,,0.0,0.4470588235294118,1.019442945305488,18299.627366317713,495,150,-498.4562736631771,85,38,38,0.407,34
600.0,R600-l0.2,,,0.2,B3-hover,,0,,0.0,0.41836734693877553,1.0408595668418066,14030.27757585199,102,162,-514.2827757585198,98,41,45,0.5,44
600.0,R600-l0.2,,,0.2,B3-hover,,1,,0.0,0.25555555555555554,0.8798092195909962,12268.508002767254,7,93,-529.4050800276725,90,23,49,0.475,49
600.0,R600-l0.2,,,0.2,B3-hover,,2,,0.0,0.45569620253164556,1.0962358151702285,12976.789459250123,21,144,-452.78789459250135,79,36,39,0.4,39
600.0,R600-l0.2,,,0.2,B3-hover,,3,,0.0,0.4563106796116505,1.4098721266285597,14310.266084919172,66,174,-516.6026608491917,103,47,45,0.4,45
600.0,R600-l0.2,,,0.2,B3-hover,,4,,0.0,0.4367816091954023,0.9958451793746534,13389.94114794369,702,160,-473.7194114794369,87,38,41,0.375,36
600.0,R600-l0.2,-,250,0.2,B4-flat,patrol,0,100,41.48,0.3617021276595745,4.1270692741642545,22535.043570058704,182,104,,94,34,45,0.5375,44
600.0,R600-l0.2,-,250,0.2,B4-flat,patrol,1,101,41.37,0.40860215053763443,4.2363085934672355,22191.46252768077,70,131,,93,38,41,0.499,40
600.0,R600-l0.2,-,250,0.2,B4-flat,patrol,2,102,41.94,0.5875,3.6333361464554126,20330.369849234776,22,188,,80,47,24,0.367,21
600.0,R600-l0.2,-,250,0.2,B4-flat,patrol,3,103,42.63,0.39325842696629215,3.1664552112999003,22249.030014721076,23,122,,89,35,42,0.4495,39
600.0,R600-l0.2,-,250,0.2,B4-flat,patrol,4,104,42.57,0.40229885057471265,2.089462954129625,20538.358715420603,173,122,,87,35,38,0.407,34
800.0,R800-l0.2,,,0.2,Ours(T-patrol),,0,,0.0,0.7105263157894737,2.0434151196048194,21864.577049384665,889,309,-429.9857704938466,114,81,25,0.295,20
800.0,R800-l0.2,,,0.2,Ours(T-patrol),,1,,0.0,0.67,1.6165307286992268,19707.670555347595,274,265,-390.5567055534759,100,67,23,0.2955,22
800.0,R800-l0.2,,,0.2,Ours(T-patrol),,2,,0.0,0.8191489361702128,1.7161696621918894,21171.802378221513,236,286,-322.89802378221515,94,77,13,0.223,11
800.0,R800-l0.2,,,0.2,Ours(T-patrol),,3,,0.0,0.7821782178217822,2.271419973638909,22430.188008177032,1197,296,-369.34188008177046,101,79,17,0.192,13
800.0,R800-l0.2,,,0.2,Ours(T-patrol),,4,,0.0,0.673469387755102,1.7940293876785207,21017.5541334551,1131,267,-411.9955413345511,98,66,24,0.226,16
800.0,R800-l0.2,,,0.2,B3-hover,,0,,0.0,0.5688073394495413,1.251818872925062,14600.109278277785,36,231,-438.4010927827778,109,62,35,0.325,35
800.0,R800-l0.2,,,0.2,B3-hover,,1,,0.0,0.6138613861386139,1.5963840973513586,15428.156944413831,449,244,-404.9215694441384,101,62,30,0.3,26
800.0,R800-l0.2,,,0.2,B3-hover,,2,,0.0,0.7191011235955056,1.6409448809282141,15577.968639473362,341,248,-291.2196863947336,89,64,16,0.175,14
800.0,R800-l0.2,,,0.2,B3-hover,,3,,0.0,0.7011494252873564,1.533889337496867,15929.907700315496,838,232,-343.839077003155,87,61,22,0.175,16
800.0,R800-l0.2,,,0.2,B3-hover,,4,,0.0,0.625,1.3258462264369417,15101.741256694731,676,215,-392.5174125669474,88,55,29,0.25,23
800.0,R800-l0.2,-,250,0.2,B4-flat,patrol,0,100,45.89,0.6041666666666666,5.0192796213392885,30920.154286818688,20,148,,96,58,30,0.295,14
800.0,R800-l0.2,-,250,0.2,B4-flat,patrol,1,101,45.69,0.5050505050505051,3.6882201374556893,20518.15504355856,119,227,,99,50,32,0.2845,26
800.0,R800-l0.2,-,250,0.2,B4-flat,patrol,2,102,44.65,0.7441860465116279,3.862213374694692,27680.377721813617,41,191,,86,64,15,0.223,9
800.0,R800-l0.2,-,250,0.2,B4-flat,patrol,3,103,45.81,0.5795454545454546,3.2005708364420373,24360.72849669838,318,160,,88,51,28,0.187,17
800.0,R800-l0.2,-,250,0.2,B4-flat,patrol,4,104,45.65,0.5568181818181818,3.6902223402433725,24713.476695228288,380,180,,88,49,30,0.226,18
900.0,R900-l0.2,,,0.2,Ours(T-patrol),,0,,0.0,0.8,2.1528542551684504,22857.317243257003,1092,326,-382.27317243257005,110,88,18,0.2185,11
900.0,R900-l0.2,,,0.2,Ours(T-patrol),,1,,0.0,0.8166666666666667,2.016144394876396,23744.452466223654,859,359,-350.26452466223657,120,98,13,0.1895,7
900.0,R900-l0.2,,,0.2,Ours(T-patrol),,2,,0.0,0.7912087912087912,1.6277255905734498,21129.754205610043,352,274,-314.4775420561004,91,72,12,0.1595,10
900.0,R900-l0.2,,,0.2,Ours(T-patrol),,3,,0.0,0.8411214953271028,2.0196695987752142,24368.68526321334,1273,320,-331.66685263213344,107,90,10,0.1125,3
900.0,R900-l0.2,,,0.2,Ours(T-patrol),,4,,0.0,0.8152173913043478,1.7203870900649447,20306.865301413207,1129,290,-297.88865301413205,92,75,11,0.1805,6
900.0,R900-l0.2,,,0.2,B3-hover,,0,,0.0,0.7217391304347827,1.7230860664651142,17338.66759996607,1099,321,-408.0866759996606,115,83,28,0.225,19
900.0,R900-l0.2,,,0.2,B3-hover,,1,,0.0,0.8099173553719008,1.9080671837681857,19774.808112713006,638,344,-318.6880811271301,121,98,14,0.125,10
900.0,R900-l0.2,,,0.2,B3-hover,,2,,0.0,0.8061224489795918,1.7482424716510976,17122.922017121717,451,285,-290.8092201712172,98,79,14,0.1,11
900.0,R900-l0.2,,,0.2,B3-hover,,3,,0.0,0.7596153846153846,1.5949189152261047,17107.130586446572,796,290,-307.01130586446584,104,79,16,0.125,11
900.0,R900-l0.2,,,0.2,B3-hover,,4,,0.0,0.85,1.9719313502100464,18834.796723165622,1370,313,-251.2879672316562,100,85,7,0.125,1
900.0,R900-l0.2,-,250,0.2,B4-flat,patrol,0,100,47.15,0.6237623762376238,3.670933187453393,24371.73294854455,473,225,,101,63,29,0.2185,10
900.0,R900-l0.2,-,250,0.2,B4-flat,patrol,1,101,46.78,0.6176470588235294,3.8271552234782584,20994.484087019933,230,264,,102,63,29,0.195,14
900.0,R900-l0.2,-,250,0.2,B4-flat,patrol,2,102,46.57,0.7721518987341772,3.083989715588034,22658.14932077824,110,240,,79,61,13,0.1595,7
900.0,R900-l0.2,-,250,0.2,B4-flat,patrol,3,103,46.01,0.6483516483516484,4.13286952186703,22718.942934482613,179,227,,91,59,21,0.1215,8
900.0,R900-l0.2,-,250,0.2,B4-flat,patrol,4,104,45.7,0.717391304347826,3.552337756432982,22732.82324258819,476,246,,92,66,24,0.1805,13
