R,cell,lambda_high,method,scene_seed,wall_s,success_rate,mean_delay_s,energy_j,leo_invalid_attempts,leo_placements,reward,apps_arrived,apps_done,apps_failed,frac_unassociated,fail_uncovered
800.0,R800-l0.2,0.2,Ours(T-patrol),0,0.0,0.7105263157894737,2.0434151196048194,21864.577049384665,889,309,-429.9857704938466,114,81,25,0.295,20
800.0,R800-l0.2,0.2,Ours(T-patrol),1,0.0,0.67,1.6165307286992268,19707.670555347595,274,265,-390.5567055534759,100,67,23,0.2955,22
800.0,R800-l0.2,0.2,Ours(T-patrol),2,0.0,0.8191489361702128,1.7161696621918894,21171.802378221513,236,286,-322.89802378221515,94,77,13,0.223,11
800.0,R800-l0.2,0.2,Ours(T-patrol),3,0.0,0.7821782178217822,2.271419973638909,22430.188008177032,1197,296,-369.34188008177046,101,79,17,0.192,13
800.0,R800-l0.2,0.2,Ours(T-patrol),4,0.0,0.673469387755102,1.7940293876785207,21017.5541334551,1131,267,-411.9955413345511,98,66,24,0.226,16
800.0,R800-l0.2,0.2,Ours(T-patrol),5,0.0,0.7951807228915663,1.8142898640862617,20238.90797156362,320,248,-313.1490797156363,83,66,13,0.324,12
800.0,R800-l0.2,0.2,Ours(T-patrol),6,0.0,0.7428571428571429,1.8296325865619056,19200.242427510326,524,209,-302.28242427510327,70,52,13,0.21,10
800.0,R800-l0.2,0.2,Ours(T-patrol),7,0.0,0.7023809523809523,1.9668591202507757,20382.36367567275,755,225,-363.8236367567275,84,59,19,0.2445,15
800.0,R800-l0.2,0.2,Ours(T-patrol),8,0.0,0.8115942028985508,1.5895372202308249,18501.35141042407,297,226,-269.9535141042408,69,56,10,0.2415,10
800.0,R800-l0.2,0.2,Ours(T-patrol),9,0.0,0.6551724137931034,1.8798690063451167,18750.62224608007,83,224,-364.30622246080077,87,57,21,0.3005,21
800.0,R800-l0.2,0.2,B3-hover,0,0.0,0.5688073394495413,1.251818872925062,14600.109278277785,36,231,-438.4010927827778,109,62,35,0.325,35
800.0,R800-l0.2,0.2,B3-hover,1,0.0,0.6138613861386139,1.5963840973513586,15428.156944413831,449,244,-404.9215694441384,101,62,30,0.3,26
800.0,R800-l0.2,0.2,B3-hover,2,0.0,0.7191011235955056,1.6409448809282141,15577.968639473362,341,248,-291.2196863947336,89,64,16,0.175,14
800.0,R800-l0.2,0.2,B3-hover,3,0.0,0.7011494252873564,1.533889337496867,15929.907700315496,838,232,-343.839077003155,87,61,22,0.175,16
800.0,R800-l0.2,0.2,B3-hover,4,0.0,0.625,1.3258462264369417,15101.741256694731,676,215,-392.5174125669474,88,55,29,0.25,23
800.0,R800-l0.2,0.2,B3-hover,5,0.0,0.6835443037974683,1.4292134330114745,14947.550060274001,31,197,-316.95550060274,79,54,20,0.3,20
800.0,R800-l0.2,0.2,B3-hover,6,0.0,0.6764705882352942,1.2883978935643434,14306.942533101057,520,175,-285.4094253310106,68,46,17,0.25,14
800.0,R800-l0.2,0.2,B3-hover,7,0.0,0.6265060240963856,1.1840793561957574,15083.500584447833,802,186,-342.87500584447827,83,52,23,0.225,18
800.0,R800-l0.2,0.2,B3-hover,8,0.0,0.7297297297297297,1.5356295029898075,15295.179510623459,586,225,-262.7317951062346,74,54,13,0.175,8
800.0,R800-l0.2,0.2,B3-hover,9,0.0,0.4691358024691358,0.9541572623176198,13493.361859250766,565,158,-400.9136185925077,81,38,32,0.3,28
800.0,R800-l0.2,0.2,B2-chase,0,0.0,0.6727272727272727,2.1048830289718423,18870.366683223136,240,271,-424.5636668322314,110,74,28,0.347,28
800.0,R800-l0.2,0.2,B2-chase,1,0.0,0.7297297297297297,1.6747631516056822,19402.031589172922,351,292,-404.1003158917291,111,81,25,0.25,22
800.0,R800-l0.2,0.2,B2-chase,2,0.0,0.7912087912087912,1.5517440571722192,18749.402622199297,393,272,-298.794026221993,91,72,13,0.1835,11
800.0,R800-l0.2,0.2,B2-chase,3,0.0,0.7821782178217822,2.0497570063244273,19071.833206031588,908,305,-335.6583320603159,101,79,17,0.1635,11
800.0,R800-l0.2,0.2,B2-chase,4,0.0,0.75,2.1100313538563302,19299.940094434303,963,282,-362.239400944343,96,72,20,0.2025,13
800.0,R800-l0.2,0.2,B2-chase,5,0.0,0.7530864197530864,1.2921972001724833,16440.43521540588,77,228,-290.8243521540587,81,61,15,0.292,15
800.0,R800-l0.2,0.2,B2-chase,6,0.0,0.7714285714285715,1.662273025327644,16699.830957746042,834,211,-293.1183095774605,70,54,15,0.2065,10
800.0,R800-l0.2,0.2,B2-chase,7,0.0,0.7741935483870968,2.189263454425169,21648.781766149263,1400,254,-344.18781766149266,93,72,15,0.1385,9
800.0,R800-l0.2,0.2,B2-chase,8,0.0,0.7567567567567568,1.6841734165946733,17461.814266218556,591,236,-268.1981426621856,74,56,11,0.1285,6
800.0,R800-l0.2,0.2,B2-chase,9,0.0,0.5121951219512195,1.4008524947832812,14315.877575287768,317,175,-384.3787757528777,82,42,29,0.2735,27
800.0,R800-l0.2,0.2,B6-noVWprune,0,0.0,0.7850467289719626,2.222770330648501,23067.891086330583,452,319,-392.2589108633059,107,84,19,0.295,16
800.0,R800-l0.2,0.2,B6-noVWprune,1,0.0,0.719626168224299,2.0810983497103512,22677.566210341276,226,283,-437.05566210341294,107,77,25,0.2955,22
800.0,R800-l0.2,0.2,B6-noVWprune,2,0.0,0.7816091954022989,1.9875922272763362,21853.253052084638,162,258,-354.15253052084654,87,68,16,0.223,12
800.0,R800-l0.2,0.2,B6-noVWprune,3,0.0,0.717391304347826,2.1000614458000766,22545.691059989902,316,259,-402.4969105998991,92,66,21,0.192,16
800.0,R800-l0.2,0.2,B6-noVWprune,4,0.0,0.7142857142857143,1.9873805090368837,21234.258098228478,165,254,-389.2825809822848,91,65,21,0.226,15
800.0,R800-l0.2,0.2,B6-noVWprune,5,0.0,0.725,1.8649723659345516,21844.557713556434,148,216,-370.1055771355642,80,58,18,0.324,14
800.0,R800-l0.2,0.2,B6-noVWprune,6,0.0,0.7246376811594203,2.2298931331246923,21513.959063710656,130,186,-333.8595906371067,69,50,14,0.21,11
800.0,R800-l0.2,0.2,B6-noVWprune,7,0.0,0.6547619047619048,2.241711085117946,21540.57671597768,146,210,-367.74576715977685,84,55,18,0.2445,14
800.0,R800-l0.2,0.2,B6-noVWprune,8,0.0,0.8115942028985508,1.7100077192251877,19040.44847930076,98,229,-275.4244847930077,69,56,10,0.2415,10
800.0,R800-l0.2,0.2,B6-noVWprune,9,0.0,0.7160493827160493,1.8137525834880281,19533.97932644626,212,215,-346.8197932644627,81,58,18,0.3005,18
