cell,N,K,method,seed,success_rate,mean_delay_s,energy_j,leo_invalid_attempts,leo_placements,dep_violations,apps_arrived,apps_done,apps_failed,frac_unassociated,fail_uncovered
N30-K3,30,3,Ours(T-patrol),0,0.6619718309859155,1.3732195094423503,18714.290216847672,822,192,0,71,47,18,0.3233333333333333,15
N30-K3,30,3,Ours(T-patrol),1,0.7866666666666666,2.065102446259747,20208.097299089408,247,215,0,75,59,10,0.2633333333333333,9
N30-K3,30,3,Ours(T-patrol),2,0.7910447761194029,2.052665625320825,19770.95790266225,189,210,0,67,53,5,0.214,4
N30-K3,30,3,Ours(T-patrol),3,0.7564102564102564,2.035206474654227,20177.31492624726,672,221,0,78,59,14,0.202,12
N30-K3,30,3,Ours(T-patrol),4,0.6811594202898551,0.9023351923925405,17686.755089001977,21,194,0,69,47,19,0.2793333333333333,19
N30-K3,30,3,B3-hover,0,0.6986301369863014,1.1901222899212058,13729.74490377599,347,199,0,73,51,18,0.3333333333333333,16
N30-K3,30,3,B3-hover,1,0.7222222222222222,1.3707628314493279,14898.528190837666,174,188,0,72,52,16,0.26666666666666666,15
N30-K3,30,3,B3-hover,2,0.7333333333333333,1.4046301937713508,14809.617461934895,50,158,0,60,44,11,0.2,11
N30-K3,30,3,B3-hover,3,0.7027027027027027,1.1306106398476445,14058.660646992927,385,200,0,74,52,18,0.2,15
N30-K3,30,3,B3-hover,4,0.6811594202898551,0.9219020080922045,13260.611893312765,25,189,0,69,47,20,0.26666666666666666,20
N30-K3,30,3,B2-chase,0,0.726027397260274,1.256897218779615,15297.539269990146,372,206,0,73,53,17,0.31466666666666665,15
N30-K3,30,3,B2-chase,1,0.7733333333333333,1.7364626875637494,16667.58982190661,329,221,0,75,58,11,0.25333333333333335,10
N30-K3,30,3,B2-chase,2,0.855072463768116,2.154678886159998,17531.61993765031,135,205,0,69,59,6,0.18266666666666667,6
N30-K3,30,3,B2-chase,3,0.7317073170731707,1.4259615056726422,16528.41897120987,514,232,0,82,60,17,0.24,14
N30-K3,30,3,B2-chase,4,0.6811594202898551,0.9200680640988458,13900.611893159812,25,189,0,69,47,20,0.26666666666666666,20
N30-K3,30,3,B6-noVWprune,0,0.7428571428571429,1.7335207868223732,20463.341239553807,227,203,0,70,52,17,0.3233333333333333,14
N30-K3,30,3,B6-noVWprune,1,0.84,2.489270593805449,23288.23991147908,167,211,0,75,63,11,0.2633333333333333,10
N30-K3,30,3,B6-noVWprune,2,0.7910447761194029,2.2068703719671894,21015.960049162317,137,206,0,67,53,5,0.214,4
N30-K3,30,3,B6-noVWprune,3,0.75,2.279671566725091,21268.94892442745,151,234,0,80,60,14,0.202,12
N30-K3,30,3,B6-noVWprune,4,0.6811594202898551,0.9877284064974272,18414.096444865092,77,189,0,69,47,19,0.2793333333333333,19
N30-K3,30,3,B4-flat,0,0.5970149253731343,3.2287384830442027,25274.53572386249,67,110,0,67,40,19,0.3233333333333333,14
N30-K3,30,3,B4-flat,1,0.6949152542372882,4.410206374594743,24364.22950734117,83,111,0,59,41,13,0.2673333333333333,10
N30-K3,30,3,B4-flat,2,0.7333333333333333,2.5044635997061535,18948.413488291353,100,177,0,60,44,9,0.23133333333333334,6
N30-K3,30,3,B4-flat,3,0.7297297297297297,2.590134829064056,20505.99857259461,186,205,0,74,54,9,0.188,6
N30-K3,30,3,B4-flat,4,0.5606060606060606,2.7692864602469403,22377.47264337725,64,120,0,66,37,21,0.2786666666666667,19
N40-K3,40,3,Ours(T-patrol),0,0.7105263157894737,2.0434151196048194,21864.577049384665,889,309,0,114,81,25,0.295,20
N40-K3,40,3,Ours(T-patrol),1,0.67,1.6165307286992268,19707.670555347595,274,265,0,100,67,23,0.2955,22
N40-K3,40,3,Ours(T-patrol),2,0.8191489361702128,1.7161696621918894,21171.802378221513,236,286,0,94,77,13,0.223,11
N40-K3,40,3,Ours(T-patrol),3,0.7821782178217822,2.271419973638909,22430.188008177032,1197,296,0,101,79,17,0.192,13
N40-K3,40,3,Ours(T-patrol),4,0.673469387755102,1.7940293876785207,21017.5541334551,1131,267,0,98,66,24,0.226,16
N40-K3,40,3,B3-hover,0,0.5688073394495413,1.251818872925062,14600.109278277785,36,231,0,109,62,35,0.325,35
N40-K3,40,3,B3-hover,1,0.6138613861386139,1.5963840973513586,15428.156944413831,449,244,0,101,62,30,0.3,26
N40-K3,40,3,B3-hover,2,0.7191011235955056,1.6409448809282141,15577.968639473362,341,248,0,89,64,16,0.175,14
N40-K3,40,3,B3-hover,3,0.7011494252873564,1.533889337496867,15929.907700315496,838,232,0,87,61,22,0.175,16
N40-K3,40,3,B3-hover,4,0.625,1.3258462264369417,15101.741256694731,676,215,0,88,55,29,0.25,23
N40-K3,40,3,B2-chase,0,0.6727272727272727,2.1048830289718423,18870.366683223136,240,271,0,110,74,28,0.347,28
N40-K3,40,3,B2-chase,1,0.7297297297297297,1.6747631516056822,19402.031589172922,351,292,0,111,81,25,0.25,22
N40-K3,40,3,B2-chase,2,0.7912087912087912,1.5517440571722192,18749.402622199297,393,272,0,91,72,13,0.1835,11
N40-K3,40,3,B2-chase,3,0.7821782178217822,2.0497570063244273,19071.833206031588,908,305,0,101,79,17,0.1635,11
N40-K3,40,3,B2-chase,4,0.75,2.1100313538563302,19299.940094434303,963,282,0,96,72,20,0.2025,13
N40-K3,40,3,B6-noVWprune,0,0.7850467289719626,2.222770330648501,23067.891086330583,452,319,0,107,84,19,0.295,16
N40-K3,40,3,B6-noVWprune,1,0.719626168224299,2.0810983497103512,22677.566210341276,226,283,0,107,77,25,0.2955,22
N40-K3,40,3,B6-noVWprune,2,0.7816091954022989,1.9875922272763362,21853.253052084638,162,258,0,87,68,16,0.223,12
N40-K3,40,3,B6-noVWprune,3,0.717391304347826,2.1000614458000766,22545.691059989902,316,259,0,92,66,21,0.192,16
N40-K3,40,3,B6-noVWprune,4,0.7142857142857143,1.9873805090368837,21234.258098228478,165,254,0,91,65,21,0.226,15
N40-K3,40,3,B4-flat,0,0.625,3.235254274241853,28621.616010928527,93,216,0,104,65,30,0.295,21
N40-K3,40,3,B4-flat,1,0.5408163265306123,4.205612673961815,24895.899297471347,68,180,0,98,53,34,0.2845,21
N40-K3,40,3,B4-flat,2,0.6785714285714286,2.5372222513284184,22575.247299675593,388,210,0,84,57,18,0.223,8
N40-K3,40,3,B4-flat,3,0.5102040816326531,3.824112784757134,20059.667607668813,211,228,0,98,50,31,0.187,16
N40-K3,40,3,B4-flat,4,0.5747126436781609,3.1767028719549124,21082.24572467462,211,180,0,87,50,30,0.226,14
N60-K3,60,3,Ours(T-patrol),0,0.5906040268456376,2.3365570006965597,23056.289063259115,1361,335,0,149,88,42,0.343,36
N60-K3,60,3,Ours(T-patrol),1,0.6715328467153284,2.693247919733643,27540.858843820573,1429,295,0,137,92,32,0.253,25
N60-K3,60,3,Ours(T-patrol),2,0.7355371900826446,2.131698503063754,22473.71218603125,1092,328,0,121,89,25,0.21966666666666668,20
N60-K3,60,3,Ours(T-patrol),3,0.7580645161290323,2.342761559318724,23226.499081179532,900,351,0,124,94,22,0.186,18
N60-K3,60,3,Ours(T-patrol),4,0.7559055118110236,2.1869207906549795,25416.09775485804,838,332,0,127,96,17,0.17833333333333334,12
N60-K3,60,3,B3-hover,0,0.5753424657534246,1.7252915349179963,16822.511097433533,1114,325,0,146,84,48,0.36666666666666664,42
N60-K3,60,3,B3-hover,1,0.6076923076923076,1.444651140731892,16021.707758289314,420,296,0,130,79,43,0.26666666666666666,41
N60-K3,60,3,B3-hover,2,0.6578947368421053,1.390024100651018,15680.465585559852,497,284,0,114,75,29,0.2,26
N60-K3,60,3,B3-hover,3,0.7416666666666667,1.5928130522009738,17437.44198385808,860,325,0,120,89,28,0.13333333333333333,21
N60-K3,60,3,B3-hover,4,0.7043478260869566,1.5027788747101274,17459.62860842594,611,300,0,115,81,23,0.18333333333333332,19
N60-K3,60,3,B2-chase,0,0.6305732484076433,2.8561018921066514,27368.12160096934,2178,350,0,157,99,39,0.254,28
N60-K3,60,3,B2-chase,1,0.5753424657534246,3.131786602791483,23949.475550200317,837,292,0,146,84,38,0.31,34
N60-K3,60,3,B2-chase,2,0.7622950819672131,2.319107485111203,24179.462853694742,923,324,0,122,93,19,0.17933333333333334,15
N60-K3,60,3,B2-chase,3,0.7117117117117117,1.4452520222610734,20318.04660169169,1222,294,0,111,79,26,0.122,18
N60-K3,60,3,B2-chase,4,0.847457627118644,2.33523557943878,22909.374516222757,1026,353,0,118,100,13,0.10133333333333333,8
N60-K3,60,3,B6-noVWprune,0,0.6274509803921569,2.7107350413571005,25789.99759215282,409,369,0,153,96,39,0.343,34
N60-K3,60,3,B6-noVWprune,1,0.6783216783216783,3.058635453907702,29639.25558006603,504,309,0,143,97,33,0.253,25
N60-K3,60,3,B6-noVWprune,2,0.7073170731707317,2.49535300180122,24407.499128412277,209,316,0,123,87,28,0.21966666666666668,22
N60-K3,60,3,B6-noVWprune,3,0.7131147540983607,2.9250010022540995,25892.433457038085,266,328,0,122,87,28,0.186,19
N60-K3,60,3,B6-noVWprune,4,0.8151260504201681,2.6398868586133006,27671.3173592817,287,322,0,119,97,14,0.17833333333333334,8
N60-K3,60,3,B4-flat,0,0.5099337748344371,4.436847870912081,27171.00684415288,394,289,0,151,77,52,0.341,40
N60-K3,60,3,B4-flat,1,0.4883720930232558,4.1172780882261195,24672.439055899504,552,280,0,129,63,48,0.24233333333333335,23
N60-K3,60,3,B4-flat,2,0.4,3.8221686020805286,25856.186225163463,185,171,0,115,46,52,0.22733333333333333,22
N60-K3,60,3,B4-flat,3,0.5819672131147541,3.9684992389268317,28615.536026041045,186,235,0,122,71,34,0.16966666666666666,17
N60-K3,60,3,B4-flat,4,0.5630252100840336,3.8551701724033944,33736.70938505671,47,203,0,119,67,38,0.17233333333333334,24
N40-K2,40,2,Ours(T-patrol),0,0.5567010309278351,1.9345622654842998,13215.718940471548,1075,217,0,97,54,41,0.3955,36
N40-K2,40,2,Ours(T-patrol),1,0.5803571428571429,2.190466517448911,16208.850852916192,239,258,0,112,65,32,0.3105,32
N40-K2,40,2,Ours(T-patrol),2,0.7692307692307693,2.0436840332819366,13865.590221993592,532,233,0,78,60,16,0.239,14
N40-K2,40,2,Ours(T-patrol),3,0.7623762376237624,2.091734156890229,15259.916364555047,784,316,0,101,77,16,0.2455,13
N40-K2,40,2,Ours(T-patrol),4,0.6739130434782609,2.0041764927909247,14518.331479021517,1266,270,0,92,62,26,0.244,18
N40-K2,40,2,B3-hover,0,0.45652173913043476,1.064590456666218,9551.712368213948,840,173,0,92,42,42,0.4,37
N40-K2,40,2,B3-hover,1,0.6,1.352253858222465,10161.351837078766,31,247,0,105,63,33,0.325,33
N40-K2,40,2,B3-hover,2,0.759493670886076,1.0617471606306834,9848.37661314737,36,232,0,79,60,16,0.2,16
N40-K2,40,2,B3-hover,3,0.7553191489361702,1.625528026198411,11635.532456887531,656,285,0,94,71,17,0.15,13
N40-K2,40,2,B3-hover,4,0.6086956521739131,1.4037713924716344,10521.26646624863,800,231,0,92,56,32,0.225,25
N40-K2,40,2,B2-chase,0,0.6190476190476191,1.8001345408746865,12282.42480292346,1130,271,0,105,65,30,0.385,25
N40-K2,40,2,B2-chase,1,0.7727272727272727,3.004539501864224,16073.8042235015,701,334,0,110,85,16,0.2895,11
N40-K2,40,2,B2-chase,2,0.7341772151898734,1.0209340075256415,10353.662780582816,32,224,0,79,58,18,0.235,18
N40-K2,40,2,B2-chase,3,0.7422680412371134,2.238188873733866,14581.658765377913,746,291,0,97,72,14,0.1755,7
N40-K2,40,2,B2-chase,4,0.7391304347826086,2.054497605759802,13615.281611684604,851,273,0,92,68,21,0.2165,14
N40-K2,40,2,B6-noVWprune,0,0.5631067961165048,2.1036224738572256,15525.987744304346,145,242,0,103,58,38,0.3955,32
N40-K2,40,2,B6-noVWprune,1,0.5945945945945946,2.1222317031082185,15833.58147485918,175,259,0,111,66,33,0.3105,33
N40-K2,40,2,B6-noVWprune,2,0.7948717948717948,1.9088346294408458,14147.355887216663,132,235,0,78,62,15,0.239,13
N40-K2,40,2,B6-noVWprune,3,0.7659574468085106,2.213194636864552,15305.57181670298,227,293,0,94,72,16,0.2455,13
N40-K2,40,2,B6-noVWprune,4,0.6989247311827957,1.829764133633239,14456.946812028915,254,277,0,93,65,25,0.244,17
N40-K2,40,2,B4-flat,0,0.5471698113207547,3.6693976940932385,18337.72994810186,187,199,0,106,58,37,0.3955,31
N40-K2,40,2,B4-flat,1,0.45454545454545453,4.409002929188756,17898.43690065371,234,145,0,88,40,31,0.3105,26
N40-K2,40,2,B4-flat,2,0.7012987012987013,2.624314733939695,15429.72081356396,127,197,0,77,54,18,0.239,16
N40-K2,40,2,B4-flat,3,0.5684210526315789,3.022317186427924,18516.173710023955,108,214,0,95,54,30,0.2455,18
N40-K2,40,2,B4-flat,4,0.5789473684210527,2.519492739800692,16892.795032972666,236,215,0,95,55,32,0.244,23
