apps_arrived,apps_done,apps_failed,energy_j,entropy,episode,eval_seed,kind,leo_invalid_attempts,leo_placements,loss,mean_adv,mean_delay_s,mean_entropy,pen_boundary,pen_collision,pen_low_battery,reward,reward_E,reward_F,reward_L,steps,success_rate
67,51,12,22501.70464949546,12.574817657470703,0,,train,183,173,0.8588325679302216,6.394884621840901e-16,4.355815662251893,12.583581161499023,0.0,0.0,0.0,-329.1570464949546,22501.70464949546,12.0,407.0,50,0.7611940298507462
69,54,12,23474.675304168806,12.550139427185059,1,,train,111,174,0.872092992067337,-7.283063041541026e-16,5.024001414978449,12.569267535209656,0.0,0.0,0.0,-340.186753041688,23474.675304168806,12.0,472.0,50,0.782608695652174
71,55,15,21442.367375055586,12.528999328613281,2,,train,267,200,1.1830750107765198,-7.105427357601002e-17,4.261088084285478,12.546682949066161,0.0,0.0,0.0,-343.4636737505558,21442.367375055586,15.0,452.0,50,0.7746478873239436
64,43,13,22489.833169722635,12.503706932067871,3,,train,225,155,0.8951939195394516,7.993605777301127e-17,4.412342976537435,12.52164122581482,0.0,0.0,0.0,-336.69833169722637,22489.833169722635,13.0,390.0,50,0.671875
61,50,8,20789.664991945836,12.477492332458496,4,,train,139,177,0.9983936846256256,5.329070518200751e-17,4.114506531541997,12.495401515960694,0.0,0.0,0.0,-278.5566499194583,20789.664991945836,8.0,333.0,50,0.819672131147541
60,50,10,21792.565452038336,12.4563627243042,5,,train,201,162,0.895953357219696,-4.973799150320702e-16,4.753750071489866,12.476671080589295,0.0,0.0,0.0,-305.56565452038336,21792.565452038336,10.0,382.0,50,0.8333333333333334
68,56,10,24355.36808793501,12.43274974822998,6,,train,186,170,1.1559492647647858,-1.865174681370263e-16,4.711779711827015,12.454524092674255,0.0,0.0,0.0,-331.95368087935015,24355.36808793501,10.0,420.0,50,0.8235294117647058
60,50,7,24661.15035992614,12.391480445861816,7,,train,133,144,0.9399514347314835,1.865174681370263e-16,4.611687818062032,12.41159909248352,0.0,0.0,0.0,-309.6115035992614,24661.15035992614,7.0,350.0,50,0.8333333333333334
73,63,9,21914.869058894164,12.380918502807617,8,,train,185,213,0.8744700402021408,4.4408920985006264e-17,4.483225952035778,12.38883044719696,0.0,0.0,0.0,-299.60869058894167,21914.869058894164,9.0,423.0,50,0.863013698630137
79,63,16,24545.70973962947,12.375028610229492,9,,train,620,212,0.8911293745040894,7.993605777301127e-17,4.4980734826668165,12.38061007976532,0.0,0.0,0.0,-383.6170973962948,24545.70973962947,16.0,508.0,50,0.7974683544303798
68,61,6,24619.851134527784,12.366090774536133,10,,train,119,191,1.2113241851329803,-1.7763568394002506e-16,4.079728929149433,12.374552412033081,0.0,0.0,0.0,-301.27851134527776,24619.851134527784,6.0,354.0,50,0.8970588235294118
72,56,16,23120.64850768053,12.344078063964844,11,,train,187,194,0.8523258864879608,0.0,4.415702951887567,12.351295642852783,0.0,0.0,0.0,-368.5264850768053,23120.64850768053,16.0,466.0,50,0.7777777777777778
76,53,21,21881.70654657181,12.338749885559082,12,,train,254,189,0.9072388708591461,-1.4210854715202004e-16,5.263619460969702,12.341234679222106,0.0,0.0,0.0,-398.0170654657181,21881.70654657181,21.0,560.0,50,0.6973684210526315
70,46,19,22855.586755291715,12.335493087768555,13,,train,168,167,0.9475453197956085,4.796163466380677e-16,4.216300336142676,12.343371658325195,0.0,0.0,0.0,-389.7958675529171,22855.586755291715,19.0,462.0,50,0.6571428571428571
62,56,6,24154.004384783853,12.321288108825684,14,,train,247,156,0.9085600972175598,-4.4408920985006264e-17,4.609378717954233,12.335182757377625,0.0,0.0,0.0,-296.7400438478385,24154.004384783853,6.0,360.0,50,0.9032258064516129
77,57,20,21825.486139535788,12.306706428527832,15,,train,355,227,0.8536428064107895,3.907985046680551e-16,5.310033062239766,12.3155965423584,0.0,0.0,0.0,-389.6948613953578,21825.486139535788,20.0,572.0,50,0.7402597402597403
74,62,5,24984.401423211082,12.30885124206543,16,,train,72,203,0.9017289727926254,-1.9539925233402755e-16,4.606976673979231,12.311693954467774,0.0,0.0,0.0,-298.0840142321107,24984.401423211082,5.0,412.0,50,0.8378378378378378
75,64,11,24734.0962184354,12.2968111038208,17,,train,751,188,2.081633299589157,-2.708944180085382e-16,4.3262756155233015,12.303404998779296,0.0,0.0,0.0,-344.220962184354,24734.0962184354,11.0,444.0,50,0.8533333333333334
66,61,5,21681.447565679944,12.299306869506836,18,,train,63,211,1.4781767427921295,5.329070518200751e-16,4.387796509177936,12.302149863243104,0.0,0.0,0.0,-263.9544756567994,21681.447565679944,5.0,357.0,50,0.9242424242424242
72,63,9,24474.567199684778,12.30532169342041,19,,train,77,204,0.7845860570669174,3.907985046680551e-16,5.0229205440028135,12.295733222961426,0.0,0.0,0.0,-325.9056719968478,24474.567199684778,9.0,458.0,50,0.875
86,61,23,25151.210149328916,12.320812225341797,20,,train,233,228,0.8220104724168777,-5.506706202140776e-16,3.9975878667668225,12.30342345237732,0.0,0.0,0.0,-446.63210149328916,25151.210149328916,23.0,556.0,50,0.7093023255813954
60,49,10,23120.13630480638,12.353422164916992,21,,train,498,151,1.0086203664541245,-1.5987211554602254e-16,3.9659722041681347,12.338555998802185,0.0,0.0,0.0,-318.0213630480638,23120.13630480638,10.0,341.0,50,0.8166666666666667
85,70,15,24460.640755507524,12.347709655761719,22,,train,530,227,0.8854026347398758,-3.019806626980426e-16,4.580322552201992,12.33660719871521,0.0,0.0,0.0,-375.2864075550752,24460.640755507524,15.0,534.0,50,0.8235294117647058
78,55,21,24232.969844154453,12.368795394897461,23,,train,508,225,1.1161028444766998,-1.3322676295501878e-16,4.33303968468089,12.361806230545044,0.0,0.0,0.0,-420.9296984415446,24232.969844154453,21.0,530.0,50,0.7051282051282052
60,44,16,22621.93243296285,12.379288673400879,24,,train,473,159,0.7492037415504456,1.5987211554602254e-16,4.771778670505481,12.378319220542908,0.0,0.0,0.0,-362.75932432962856,22621.93243296285,16.0,427.0,50,0.7333333333333333
81,53,25,20670.92947669902,,24,0,eval,568,210,,,3.7550563612337995,0.0,0.0,0.0,0.0,-417.56929476699025,20670.92947669902,25.0,543.0,50,0.654320987654321
68,46,20,16829.257958191243,,24,1,eval,281,176,,,2.8936226685825077,0.0,0.0,0.0,0.0,-336.6125795819125,16829.257958191243,20.0,416.0,50,0.6764705882352942
58,49,9,16165.654612605465,,24,2,eval,156,172,,,2.7866128293710175,0.0,0.0,0.0,0.0,-239.07654612605475,16165.654612605465,9.0,271.0,50,0.8448275862068966
79,51,27,20338.932029651616,,24,3,eval,606,165,,,2.829910495233551,0.0,0.0,0.0,0.0,-429.4093202965162,20338.932029651616,27.0,501.0,50,0.6455696202531646
77,55,22,18952.42474181897,,24,4,eval,902,189,,,2.60256753950417,0.0,0.0,0.0,0.0,-374.2842474181897,18952.42474181897,22.0,438.0,50,0.7142857142857143
69,54,15,24237.892733914858,12.368657112121582,25,,train,225,188,1.4616350531578064,3.8191672047105384e-16,5.055404758789411,12.371913080215455,0.0,0.0,0.0,-372.01892733914866,24237.892733914858,15.0,482.0,50,0.782608695652174
77,61,16,25133.689727156332,12.358059883117676,26,,train,311,212,0.8469858169555664,-1.1546319456101628e-16,4.894942729311963,12.363072872161865,0.0,0.0,0.0,-389.8768972715634,25133.689727156332,16.0,527.0,50,0.7922077922077922
62,44,17,20197.56371094095,12.361248970031738,27,,train,528,188,0.7739423960447311,7.105427357601002e-17,4.3843748801020235,12.364266924858093,0.0,0.0,0.0,-346.43563710940947,20197.56371094095,17.0,423.0,50,0.7096774193548387
82,69,10,24912.734299656346,12.3528470993042,28,,train,213,237,0.776332825422287,-9.769962616701378e-17,4.396297400899606,12.353033194541931,0.0,0.0,0.0,-338.54734299656354,24912.734299656346,10.0,471.0,50,0.8414634146341463
64,52,11,22702.855558743428,12.355766296386719,29,,train,158,178,1.0420940220355988,-2.575717417130363e-16,4.484823901826737,12.354119262695313,0.0,0.0,0.0,-322.8685555874343,22702.855558743428,11.0,392.0,50,0.8125
68,52,16,21267.203767750616,12.350985527038574,30,,train,253,181,0.9084752649068832,1.5987211554602254e-16,4.063223071716479,12.349182448387147,0.0,0.0,0.0,-349.2920376775062,21267.203767750616,16.0,431.0,50,0.7647058823529411
82,66,14,23260.14682758401,12.349869728088379,31,,train,191,219,0.912200078368187,-1.2434497875801754e-16,4.736354970931085,12.346601295471192,0.0,0.0,0.0,-355.12146827584,23260.14682758401,14.0,526.0,50,0.8048780487804879
87,61,24,23563.917951931326,12.347692489624023,32,,train,241,231,0.7450165748596191,1.1546319456101628e-16,5.1648212689495505,12.345314269065858,0.0,0.0,0.0,-440.4791795193133,23563.917951931326,24.0,642.0,50,0.7011494252873564
67,57,10,25259.563721118644,12.364882469177246,33,,train,115,185,0.9126462638378143,2.3092638912203257e-16,4.704136192457516,12.365465469360352,0.0,0.0,0.0,-341.0556372111865,25259.563721118644,10.0,423.0,50,0.8507462686567164
71,65,6,23283.7862702347,12.355384826660156,34,,train,198,217,0.9838456809520721,-1.021405182655144e-16,4.916239258017502,12.358835787773133,0.0,0.0,0.0,-289.3378627023471,23283.7862702347,6.0,425.0,50,0.9154929577464789
79,63,16,22756.101351333044,12.350741386413574,35,,train,463,203,0.8947508931159973,3.108624468950438e-16,3.8120577071050903,12.355961227416993,0.0,0.0,0.0,-364.8410135133303,22756.101351333044,16.0,464.0,50,0.7974683544303798
76,68,8,24417.491437276127,12.335412979125977,36,,train,176,207,1.0352084636688232,4.263256414560601e-16,4.536646854836827,12.34151463985443,0.0,0.0,0.0,-316.9349143727614,24417.491437276127,8.0,438.0,50,0.8947368421052632
83,75,7,24670.60139669648,12.340517044067383,37,,train,134,234,0.7621655464172363,-1.9539925233402755e-16,4.621617817577442,12.343617782592773,0.0,0.0,0.0,-312.1260139669648,24670.60139669648,7.0,471.0,50,0.9036144578313253
58,55,3,21443.585347142016,12.344484329223633,38,,train,60,184,0.7662961930036545,-2.753353101070388e-16,4.270540680658852,12.347155179977417,0.0,0.0,0.0,-244.4158534714202,21443.585347142016,3.0,299.0,50,0.9482758620689655
76,69,7,24504.209159459388,12.326616287231445,39,,train,192,221,0.8448114097118378,1.0658141036401502e-16,4.698368750120885,12.331976823806762,0.0,0.0,0.0,-310.00209159459394,24504.209159459388,7.0,448.0,50,0.9078947368421053
69,62,5,24036.106991063774,12.32640266418457,40,,train,109,187,0.7883102148771286,1.1546319456101628e-16,4.765569236217242,12.329687242507935,0.0,0.0,0.0,-288.2210699106377,24036.106991063774,5.0,393.0,50,0.8985507246376812
65,51,13,21879.764714849756,12.33442497253418,41,,train,268,169,0.8420828729867935,-4.4408920985006264e-17,5.082172386793341,12.33143295288086,0.0,0.0,0.0,-331.65764714849763,21879.764714849756,13.0,443.0,50,0.7846153846153846
79,70,9,23982.946602656,12.332281112670898,42,,train,158,229,1.1272817999124527,1.7763568394002506e-16,4.636309609711498,12.327262377738952,0.0,0.0,0.0,-321.14946602656,23982.946602656,9.0,466.0,50,0.8860759493670886
68,50,17,21499.327884839546,12.348732948303223,43,,train,366,188,0.869060292840004,-4.4408920985006264e-17,4.4461805408978385,12.345128746032715,0.0,0.0,0.0,-360.2532788483954,21499.327884839546,17.0,463.0,50,0.7352941176470589
71,55,15,23839.222575049935,12.336917877197266,44,,train,243,192,0.7432764023542404,-2.486899575160351e-16,4.9600804615009455,12.332276124954223,0.0,0.0,0.0,-368.0522257504994,23839.222575049935,15.0,483.0,50,0.7746478873239436
65,52,11,20881.819411513145,12.353719711303711,45,,train,134,191,0.8260653465986252,1.5987211554602254e-16,4.878197838701128,12.349746603965759,0.0,0.0,0.0,-305.27819411513144,20881.819411513145,11.0,423.0,50,0.8
68,63,5,21249.467300143275,12.356999397277832,46,,train,180,210,0.9068010598421097,-2.353672812205332e-16,3.7002388074071955,12.356385340690613,0.0,0.0,0.0,-259.01467300143275,21249.467300143275,5.0,326.0,50,0.9264705882352942
69,42,26,21310.084410757823,12.356127738952637,47,,train,243,174,0.8174993395805359,4.04121180963557e-16,5.945087316984921,12.358767986297607,0.0,0.0,0.0,-432.9808441075782,21310.084410757823,26.0,594.0,50,0.6086956521739131
59,52,7,23607.3356369322,12.343269348144531,48,,train,239,165,0.7460129708051682,1.0658141036401502e-16,5.295127503824578,12.346877398490905,0.0,0.0,0.0,-299.833356369322,23607.3356369322,7.0,388.0,50,0.8813559322033898
82,62,18,19817.867990618503,12.34850025177002,49,,train,459,240,13.684710502624512,1.6431300764452317e-16,4.606888811999267,12.350061054229736,0.0,0.0,0.0,-352.8786799061849,19817.867990618503,18.0,535.0,50,0.7560975609756098
83,64,19,20748.518134557773,,49,0,eval,358,231,,,3.9611694021269956,0.0,0.0,0.0,0.0,-369.7651813455776,20748.518134557773,19.0,514.0,50,0.7710843373493976
69,48,19,18076.13647296045,,49,1,eval,288,174,,,3.112218175864864,0.0,0.0,0.0,0.0,-341.0413647296045,18076.13647296045,19.0,414.0,50,0.6956521739130435
57,49,8,17103.687345399103,,49,2,eval,235,176,,,3.330182655519707,0.0,0.0,0.0,0.0,-240.75687345399103,17103.687345399103,8.0,286.0,50,0.8596491228070176
83,62,18,22078.526771288205,,49,3,eval,188,204,,,3.9077410875660648,0.0,0.0,0.0,0.0,-375.125267712882,22078.526771288205,18.0,517.0,50,0.7469879518072289
78,54,23,19391.402292822804,,49,4,eval,407,187,,,3.5820512451444873,0.0,0.0,0.0,0.0,-387.91402292822806,19391.402292822804,23.0,500.0,50,0.6923076923076923
76,57,15,24939.990419502858,12.333290100097656,50,,train,183,191,1.1051991432905197,4.3520742565306136e-16,5.28927913925883,12.335159397125244,0.0,0.0,0.0,-380.25990419502847,24939.990419502858,15.0,543.0,50,0.75
67,56,11,22273.747104132173,12.340557098388672,51,,train,385,184,0.8606023490428925,-2.1760371282653068e-16,4.984485488392681,12.344980821609497,0.0,0.0,0.0,-319.57747104132176,22273.747104132173,11.0,442.0,50,0.835820895522388
64,53,11,24824.19488708034,12.33609676361084,52,,train,282,173,1.0875270664691925,-3.1530333899354444e-16,5.299723635107397,12.340351362228393,0.0,0.0,0.0,-345.08194887080356,24824.19488708034,11.0,442.0,50,0.828125
69,46,23,22387.016700042896,12.313852310180664,53,,train,378,177,0.987968698143959,7.904787935331115e-16,5.125815855105878,12.31665530204773,0.0,0.0,0.0,-418.6301670004289,22387.016700042896,23.0,538.0,50,0.6666666666666666
72,60,12,23913.264737838843,12.326350212097168,54,,train,461,192,1.22104150056839,-2.6645352591003756e-16,4.006502733285919,12.326947164535522,7.0,0.0,0.0,-350.4726473783885,23913.264737838843,12.0,417.0,50,0.8333333333333334
73,65,7,24176.80416653518,12.3240327835083,55,,train,123,198,0.9153507649898529,-5.329070518200751e-17,4.657043803475697,12.32228388786316,13.0,0.0,0.0,-319.38804166535186,24176.80416653518,7.0,431.0,50,0.8904109589041096
82,63,14,25117.1939015451,12.324265480041504,56,,train,519,222,0.9730485528707504,4.263256414560601e-16,3.774875543282499,12.321449680328369,0.0,0.0,0.0,-372.25193901545106,25117.1939015451,14.0,454.0,50,0.7682926829268293
82,56,24,24885.66127135978,12.320295333862305,57,,train,376,197,0.896555483341217,-1.4210854715202004e-16,5.1259513510296015,12.316476392745972,0.0,0.0,0.0,-453.2366127135978,24885.66127135978,24.0,619.0,50,0.6829268292682927
74,62,10,24601.00061810372,12.333392143249512,58,,train,248,204,1.2505730092525482,3.108624468950438e-16,4.331517515345746,12.328710613250733,2.0,0.0,0.0,-336.43000618103724,24601.00061810372,10.0,421.0,50,0.8378378378378378
81,51,27,21232.48996658493,12.338247299194336,59,,train,258,215,0.8195922374725342,-1.1546319456101628e-16,3.888874596608356,12.333735752105714,0.0,0.0,0.0,-439.56489966584934,21232.48996658493,27.0,562.0,50,0.6296296296296297
70,54,15,23224.257541933857,12.348275184631348,60,,train,358,177,0.9098272919654846,3.1974423109204507e-16,4.430741701609911,12.344987325668335,0.0,0.0,0.0,-361.1225754193385,23224.257541933857,15.0,444.0,50,0.7714285714285715
64,52,12,22649.791769147167,12.350433349609375,61,,train,157,170,0.8476462960243225,1.5987211554602254e-16,4.813333638102836,12.346771011352539,0.0,0.0,0.0,-331.0179176914716,22649.791769147167,12.0,426.0,50,0.8125
80,64,16,22875.59085544919,12.351880073547363,62,,train,175,220,0.8347591906785965,-2.3980817331903383e-16,4.159869050788473,12.344696865081787,0.0,0.0,0.0,-366.4959085544919,22875.59085544919,16.0,487.0,50,0.8
78,69,6,22808.47675945069,12.375314712524414,63,,train,154,237,0.9494113028049469,3.108624468950438e-16,4.615492063664068,12.369574880599975,0.0,0.0,0.0,-284.64476759450685,22808.47675945069,6.0,428.0,50,0.8846153846153846
85,73,12,24458.033658676206,12.369571685791016,64,,train,207,260,1.373250663280487,2.575717417130363e-16,5.320895715125413,12.365916347503662,0.0,0.0,0.0,-352.0203365867621,24458.033658676206,12.0,572.0,50,0.8588235294117647
82,62,14,25840.04372609664,12.374946594238281,65,,train,272,211,0.7914115637540817,-4.085620730620576e-16,4.604192961313487,12.372784190177917,0.0,0.0,0.0,-380.58043726096645,25840.04372609664,14.0,509.0,50,0.7560975609756098
79,58,18,25141.564970561427,12.37710952758789,66,,train,181,200,0.932186096906662,-1.509903313490213e-16,5.193945696318991,12.374105672836304,0.0,0.0,0.0,-406.4956497056143,25141.564970561427,18.0,554.0,50,0.7341772151898734
74,57,17,22649.45630738957,12.384400367736816,67,,train,289,198,1.0066839754581451,4.4408920985006264e-17,5.154359244882047,12.379326968193054,0.0,0.0,0.0,-373.05456307389574,22649.45630738957,17.0,528.0,50,0.7702702702702703
73,61,12,24036.126981865655,12.397624015808105,68,,train,219,196,0.9414159208536148,-2.753353101070388e-16,4.594145424646674,12.392180247306824,0.0,0.0,0.0,-345.4412698186566,24036.126981865655,12.0,454.0,50,0.8356164383561644
62,54,7,25194.35235102214,12.394011497497559,69,,train,85,171,0.8452558219432831,1.4210854715202004e-16,4.656799028508779,12.39058566570282,0.0,0.0,0.0,-315.3235235102215,25194.35235102214,7.0,369.0,50,0.8709677419354839
98,65,29,25518.847477270316,12.383584022521973,70,,train,289,236,0.7660559117794037,3.907985046680551e-16,4.9535888838538655,12.384702677726745,0.0,0.0,0.0,-501.7684747727032,25518.847477270316,29.0,729.0,50,0.6632653061224489
75,59,12,22898.858999340857,12.397222518920898,71,,train,235,203,0.8525224030017853,5.506706202140776e-16,4.8527163276576255,12.397427654266357,0.0,0.0,0.0,-334.2885899934086,22898.858999340857,12.0,465.0,50,0.7866666666666666
72,64,8,22658.232542838905,12.396384239196777,72,,train,90,210,0.766178160905838,6.483702463810914e-16,4.17083043867825,12.394920377731323,0.0,0.0,0.0,-298.5023254283891,22658.232542838905,8.0,396.0,50,0.8888888888888888
59,50,8,24381.86898894798,12.4041748046875,73,,train,206,149,0.9352166801691055,1.7763568394002505e-17,4.4780775360912175,12.404268074035645,0.0,0.0,0.0,-314.87868988947986,24381.86898894798,8.0,353.0,50,0.847457627118644
77,51,24,21956.695613761338,12.391143798828125,74,,train,256,210,0.8310951292514801,6.927791673660977e-16,5.037935710131583,12.390654239654541,0.0,0.0,0.0,-423.26695613761336,21956.695613761338,24.0,585.0,50,0.6623376623376623
81,58,20,21857.143886524573,,74,0,eval,266,178,,,3.6915340389653992,0.0,0.0,0.0,0.0,-388.4714388652457,21857.143886524573,20.0,495.0,50,0.7160493827160493
67,48,18,20911.492779029442,,74,1,eval,601,157,,,3.1200524507457366,0.0,0.0,0.0,0.0,-360.99492779029435,20911.492779029442,18.0,394.0,50,0.7164179104477612
59,44,13,19631.778991246916,,74,2,eval,191,143,,,2.897415594008494,0.0,0.0,0.0,0.0,-306.7977899124692,19631.778991246916,13.0,324.0,50,0.7457627118644068
79,45,30,24400.537248288438,,74,3,eval,154,128,,,3.0841583110195505,0.0,0.0,0.0,0.0,-494.84537248288444,24400.537248288438,30.0,542.0,50,0.569620253164557
77,60,15,21374.782165707158,,74,4,eval,347,192,,,3.818798253398831,0.0,0.0,0.0,0.0,-342.5278216570715,21374.782165707158,15.0,439.0,50,0.7792207792207793
82,65,12,26468.62688406139,12.398961067199707,75,,train,219,214,1.6157734990119934,8.881784197001253e-18,4.898398953468571,12.396258411407471,0.0,0.0,0.0,-371.066268840614,26468.62688406139,12.0,519.0,50,0.7926829268292683
70,59,8,24596.482722796613,12.408770561218262,76,,train,93,183,38.47762966156006,4.884981308350689e-16,4.398169757161019,12.410858454704284,0.0,0.0,0.0,-317.96482722796617,24596.482722796613,8.0,400.0,50,0.8428571428571429
80,61,17,24955.91280054206,12.393431663513184,77,,train,614,212,0.9807030260562897,6.217248937900877e-17,4.8158429638499864,12.399020967483521,0.0,0.0,0.0,-396.23912800542064,24955.91280054206,17.0,534.0,50,0.7625
71,59,10,24364.667000162655,12.39146900177002,78,,train,131,185,2.813002645969391,6.394884621840901e-16,4.798908816593015,12.39479615688324,0.0,0.0,0.0,-332.4266700016265,24364.667000162655,10.0,439.0,50,0.8309859154929577
70,59,11,23087.738807664988,12.389801025390625,79,,train,467,204,0.932608425617218,3.552713678800501e-17,3.9774510151436155,12.393231410980224,0.0,0.0,0.0,-326.8173880766498,23087.738807664988,11.0,397.0,50,0.8428571428571429
70,55,11,24184.060618893327,12.388385772705078,80,,train,272,189,0.8369074016809464,-5.773159728050814e-16,4.428133434677216,12.391954641342164,0.0,0.0,0.0,-338.26060618893325,24184.060618893327,11.0,421.0,50,0.7857142857142857
73,54,15,22069.5921365893,12.378496170043945,81,,train,130,209,1.1229141503572464,-1.0302869668521452e-15,4.105659390812679,12.378250994682311,0.0,0.0,0.0,-349.7759213658929,22069.5921365893,15.0,454.0,50,0.7397260273972602
77,47,28,26283.9684009099,12.382341384887695,82,,train,560,189,1.0317105948925018,2.486899575160351e-16,5.070255584880826,12.377889385223389,0.0,0.0,0.0,-498.91968400909906,26283.9684009099,28.0,604.0,50,0.6103896103896104
71,61,9,24150.16150050823,12.398313522338867,83,,train,272,199,0.8326189965009689,-4.618527782440651e-16,4.481688185374839,12.394950938224792,0.0,0.0,0.0,-321.8016150050822,24150.16150050823,9.0,415.0,50,0.8591549295774648
82,59,23,24899.350396083184,12.396696090698242,84,,train,470,203,0.7525568902492523,7.105427357601002e-17,4.606044185115044,12.39273934364319,0.0,0.0,0.0,-444.59350396083187,24899.350396083184,23.0,580.0,50,0.7195121951219512
70,60,9,24024.476586889272,12.411810874938965,85,,train,143,199,0.8901579827070236,8.171241461241152e-16,4.492861701471091,12.40599591255188,0.0,0.0,0.0,-320.48476586889257,24024.476586889272,9.0,412.0,50,0.8571428571428571
78,70,5,23534.790782347307,12.4120512008667,86,,train,64,219,1.140968844294548,3.4638958368304885e-16,3.8600566473766693,12.408274765014648,0.0,0.0,0.0,-282.9479078234731,23534.790782347307,5.0,380.0,50,0.8974358974358975
58,42,16,20530.319135305097,12.413490295410156,87,,train,556,159,0.7978333830833435,4.4408920985006264e-17,4.727661397030495,12.41251012802124,0.0,0.0,0.0,-341.56319135305097,20530.319135305097,16.0,413.0,50,0.7241379310344828
80,54,22,25637.073219385285,12.40799617767334,88,,train,207,188,1.1864160597324371,7.949196856316121e-16,5.4984590166833005,12.408225088119506,0.0,0.0,0.0,-444.57073219385296,25637.073219385285,22.0,610.0,50,0.675
66,58,8,22658.142655218937,12.419782638549805,89,,train,88,190,0.9376091659069061,-2.220446049250313e-16,4.124153655945372,12.418458533287048,0.0,0.0,0.0,-297.90142655218943,22658.142655218937,8.0,366.0,50,0.8787878787878788
65,54,10,24310.867709304923,12.422601699829102,90,,train,160,183,0.9589292258024216,3.552713678800501e-17,5.481419838374609,12.420883784294128,0.0,0.0,0.0,-332.02867709304917,24310.867709304923,10.0,446.0,50,0.8307692307692308
61,53,5,24552.476302903437,12.428925514221191,91,,train,68,150,0.8511717617511749,-5.329070518200751e-17,3.7861843647247446,12.426385707855225,0.0,0.0,0.0,-291.62476302903445,24552.476302903437,5.0,305.0,50,0.8688524590163934
76,51,25,24406.149142279788,12.41872787475586,92,,train,573,194,0.9677666127681732,-1.4210854715202004e-16,4.5822581153607915,12.415865225791931,2.0,0.0,0.0,-457.3014914227979,24406.149142279788,25.0,562.0,50,0.6710526315789473
77,63,13,23101.994199074492,12.419135093688965,93,,train,340,211,0.7705535143613815,7.904787935331115e-16,4.766855395864235,12.418438558578492,0.0,0.0,0.0,-344.9199419907449,23101.994199074492,13.0,495.0,50,0.8181818181818182
64,50,12,21997.057244919753,12.432760238647461,94,,train,200,164,1.0232246965169907,-2.6645352591003756e-16,3.9419454708079944,12.43270492553711,0.0,0.0,0.0,-323.4305724491974,21997.057244919753,12.0,373.0,50,0.78125
78,63,14,24264.965790134353,12.419261932373047,95,,train,187,231,1.056495487689972,8.970602038971265e-16,5.14232808702164,12.418761782646179,0.0,0.0,0.0,-365.22965790134344,24264.965790134353,14.0,529.0,50,0.8076923076923077
70,54,15,22554.16009151795,12.424837112426758,96,,train,418,192,0.8893875330686569,-2.6645352591003756e-17,4.473780141014681,12.4244185256958,0.0,0.0,0.0,-354.5016009151795,22554.16009151795,15.0,448.0,50,0.7714285714285715
68,51,14,22852.11096167847,12.427168846130371,97,,train,347,183,0.7766786515712738,3.019806626980426e-16,4.3578608746464855,12.427932333946227,0.0,0.0,0.0,-348.96110961678465,22852.11096167847,14.0,422.0,50,0.75
78,59,19,24680.752234385527,12.419615745544434,98,,train,622,198,0.8534885793924332,2.220446049250313e-16,4.0738239384426045,12.420809307098388,0.0,0.0,0.0,-408.72752234385536,24680.752234385527,19.0,496.0,50,0.7564102564102564
68,53,14,23078.76779790759,12.421011924743652,99,,train,429,177,1.0092765092849731,-2.7977620220553945e-16,4.785880527843097,12.420657348632812,0.0,0.0,0.0,-351.7676779790759,23078.76779790759,14.0,449.0,50,0.7794117647058824
81,53,27,24824.10836290564,,99,0,eval,507,174,,,5.267582149326151,0.0,0.0,0.0,0.0,-476.88108362905643,24824.10836290564,27.0,632.0,50,0.654320987654321
66,37,26,21224.478891501207,,99,1,eval,370,115,,,3.947077229909099,0.0,0.0,0.0,0.0,-430.10478891501214,21224.478891501207,26.0,493.0,50,0.5606060606060606
57,44,12,20011.562701200502,,99,2,eval,188,120,,,3.5284780757631053,0.0,0.0,0.0,0.0,-302.555627012005,20011.562701200502,12.0,322.0,50,0.7719298245614035
82,52,25,23217.33468953352,,99,3,eval,238,187,,,4.098753369615746,0.0,0.0,0.0,0.0,-443.41334689533517,23217.33468953352,25.0,562.0,50,0.6341463414634146
73,45,27,22835.94632767699,,99,4,eval,103,143,,,4.277189515407887,0.0,0.0,0.0,0.0,-455.13946327676985,22835.94632767699,27.0,539.0,50,0.6164383561643836
75,66,9,23844.638722903997,12.425809860229492,100,,train,398,197,1.0213742852210999,2.220446049250313e-16,4.65004112724874,12.42513488292694,0.0,0.0,0.0,-319.48638722904,23844.638722903997,9.0,452.0,50,0.88
79,66,12,25530.22353989964,12.41794204711914,101,,train,282,215,0.8516895920038223,-2.042810365310288e-16,4.989435106706486,12.41780340194702,0.0,0.0,0.0,-361.6022353989964,25530.22353989964,12.0,515.0,50,0.8354430379746836
74,57,15,25143.481079858837,12.417380332946777,102,,train,257,190,0.82586570084095,-1.687538997430238e-16,4.838661248175501,12.41636420249939,0.0,0.0,0.0,-381.11481079858845,25143.481079858837,15.0,484.0,50,0.7702702702702703
71,61,10,22616.563210177224,12.432880401611328,103,,train,322,195,1.0150330662727356,-2.842170943040401e-16,4.178271179066882,12.43203559398651,0.0,0.0,0.0,-314.28563210177214,22616.563210177224,10.0,406.0,50,0.8591549295774648
85,68,16,22841.700230689014,12.42253589630127,104,,train,216,232,0.8353898525238037,2.486899575160351e-16,4.384690246201852,12.421898155212402,0.0,0.0,0.0,-367.0770023068901,22841.700230689014,16.0,533.0,50,0.8
65,63,2,23953.097732756203,12.438779830932617,105,,train,86,188,0.7481338381767273,-3.552713678800501e-17,5.0121393722492495,12.438662543296815,0.0,0.0,0.0,-262.970977327562,23953.097732756203,2.0,372.0,50,0.9692307692307692
75,52,23,22791.003443834965,12.427915573120117,106,,train,715,195,1.005129486322403,1.8207657603852566e-16,3.5958489389683974,12.426165475845337,0.0,0.0,0.0,-421.73003443834966,22791.003443834965,23.0,491.0,50,0.6933333333333334
78,61,13,26587.008119952246,12.437928199768066,107,,train,146,196,0.77374467253685,1.0658141036401502e-16,4.626993660758013,12.437111148834228,0.0,0.0,0.0,-379.4900811995224,26587.008119952246,13.0,481.0,50,0.782051282051282
61,55,4,23643.74622559519,12.437553405761719,108,,train,103,153,0.8132746368646622,-2.6645352591003756e-16,4.544655640053112,12.43944808959961,0.0,0.0,0.0,-275.09746225595194,23643.74622559519,4.0,333.0,50,0.9016393442622951
63,39,20,23297.09099475312,12.42789363861084,109,,train,158,140,1.898177057504654,-3.552713678800501e-17,5.179074682665043,12.430292930603027,0.0,0.0,0.0,-402.81090994753123,23297.09099475312,20.0,492.0,50,0.6190476190476191
67,57,9,23700.750312427386,12.42165470123291,110,,train,294,196,0.8689492344856262,2.1316282072803005e-16,5.324281578504196,12.423653373718262,0.0,0.0,0.0,-317.7675031242739,23700.750312427386,9.0,438.0,50,0.8507462686567164
66,53,13,22532.367459177625,12.42059326171875,111,,train,455,166,0.8504311740398407,-3.1086244689504386e-17,4.235796894762045,12.422010436058045,0.0,0.0,0.0,-337.5236745917763,22532.367459177625,13.0,410.0,50,0.803030303030303
74,60,11,23701.232725007198,12.422951698303223,112,,train,66,199,0.8057630509138107,4.707345624410664e-16,4.789826461852468,12.423849864006042,0.0,0.0,0.0,-334.33232725007207,23701.232725007198,11.0,466.0,50,0.8108108108108109
68,55,13,21074.256454219503,12.419829368591309,113,,train,339,186,0.8958602994680405,-7.549516567451065e-17,4.2800146264474845,12.421838622093201,0.0,0.0,0.0,-323.1225645421951,21074.256454219503,13.0,419.0,50,0.8088235294117647
62,45,17,23797.561745985506,12.415369033813477,114,,train,389,150,0.8348662555217743,8.881784197001253e-18,4.86382260013845,12.417331285476685,0.0,0.0,0.0,-382.915617459855,23797.561745985506,17.0,447.0,50,0.7258064516129032
81,63,17,26969.55743437567,12.411515235900879,115,,train,234,215,0.8082480579614639,5.595524044110789e-16,4.855899380191106,12.41177577495575,0.0,0.0,0.0,-416.65557434375677,26969.55743437567,17.0,548.0,50,0.7777777777777778
69,47,19,24819.2429768601,12.413557052612305,116,,train,143,168,0.7821898758411407,6.128431095930864e-16,5.3042040117067994,12.413377323150634,0.0,0.0,0.0,-410.47242976860105,24819.2429768601,19.0,514.0,50,0.6811594202898551
86,63,17,27852.94020287881,12.407801628112793,117,,train,219,214,0.9049415737390518,1.1102230246251565e-16,5.305318920132959,12.408003115653992,0.0,0.0,0.0,-426.44940202878814,27852.94020287881,17.0,596.0,50,0.7325581395348837
66,53,13,20615.626536872405,12.409193992614746,118,,train,395,199,1.4411691427230835,1.2434497875801754e-16,3.9353312407398655,12.408817071914672,0.0,0.0,0.0,-317.9362653687241,20615.626536872405,13.0,389.0,50,0.803030303030303
72,55,16,25478.36243859758,12.40619945526123,119,,train,335,194,0.8987097144126892,-1.865174681370263e-16,4.639033355765115,12.407277789115906,1.0,0.0,0.0,-393.2636243859759,25478.36243859758,16.0,474.0,50,0.7638888888888888
87,61,23,24446.895475134945,12.404131889343262,120,,train,201,216,0.8694319576025009,1.9539925233402755e-16,4.808524753932393,12.407346630096436,0.0,0.0,0.0,-440.66895475134953,24446.895475134945,23.0,610.0,50,0.7011494252873564
82,54,27,23834.715553675884,12.399005889892578,121,,train,156,210,1.5847318768501282,-3.2862601528904633e-16,5.004656646167519,12.40119981765747,0.0,0.0,0.0,-466.9271555367588,23834.715553675884,27.0,629.0,50,0.6585365853658537
76,58,16,24800.875178593084,12.405257225036621,122,,train,282,201,0.8657279908657074,1.6431300764452317e-16,5.056507874034245,12.406448011398316,0.0,0.0,0.0,-386.38875178593094,24800.875178593084,16.0,519.0,50,0.7631578947368421
83,60,22,26609.14100597316,12.39980411529541,123,,train,363,196,0.8738064616918564,-5.329070518200751e-17,5.118308805502926,12.401573462486267,0.0,0.0,0.0,-454.1714100597316,26609.14100597316,22.0,604.0,50,0.7228915662650602
68,53,13,21320.483938572583,12.399983406066895,124,,train,130,198,0.8111249655485153,6.217248937900877e-17,4.49449321334196,12.401746587753296,0.0,0.0,0.0,-326.00483938572575,21320.483938572583,13.0,440.0,50,0.7794117647058824
79,40,32,22517.919276219858,,124,0,eval,333,145,,,4.0629498767336205,0.0,0.0,0.0,0.0,-493.4191927621987,22517.919276219858,32.0,612.0,50,0.5063291139240507
62,37,23,22768.625168630675,,124,1,eval,230,110,,,4.352009709172366,0.0,0.0,0.0,0.0,-420.9262516863067,22768.625168630675,23.0,462.0,50,0.5967741935483871
55,39,12,21264.646637596787,,124,2,eval,46,106,,,4.117727147103489,0.0,0.0,0.0,0.0,-315.60646637596784,21264.646637596787,12.0,348.0,50,0.7090909090909091
82,39,33,24672.031818927884,,124,3,eval,9,93,,,4.176418862177562,0.0,0.0,0.0,0.0,-523.3803181892787,24672.031818927884,33.0,633.0,50,0.47560975609756095
76,46,28,24505.49294471408,,124,4,eval,441,129,,,3.9439408092306603,0.0,0.0,0.0,0.0,-479.99492944714086,24505.49294471408,28.0,547.0,50,0.6052631578947368
64,57,6,23655.21967392498,12.398787498474121,125,,train,187,176,0.9232430309057236,-9.769962616701378e-17,5.0190369217884205,12.399864535331727,0.0,0.0,0.0,-292.35219673924985,23655.21967392498,6.0,390.0,50,0.890625
76,54,22,23648.34370531035,12.4005126953125,126,,train,381,178,0.853492796421051,1.3322676295501878e-16,5.6175474144793345,12.401161608695984,0.0,0.0,0.0,-424.3234370531035,23648.34370531035,22.0,592.0,50,0.7105263157894737
61,50,10,24054.896439749573,12.398477554321289,127,,train,255,149,0.7473485022783279,-1.7763568394002505e-17,4.720727275326563,12.399090099334718,0.0,0.0,0.0,-328.2489643974958,24054.896439749573,10.0,385.0,50,0.819672131147541
74,62,12,25039.86922197287,12.39301586151123,128,,train,408,204,0.8621194064617157,1.376676550535194e-16,4.5505709539450905,12.393169450759888,0.0,0.0,0.0,-355.5186922197287,25039.86922197287,12.0,456.0,50,0.8378378378378378
85,64,17,23310.954240231513,12.398731231689453,129,,train,154,228,0.8451448082923889,-2.6645352591003756e-16,4.428122686155474,12.398981981277466,0.0,0.0,0.0,-379.9695424023151,23310.954240231513,17.0,543.0,50,0.7529411764705882
76,60,16,24678.664040717467,12.384276390075684,130,,train,417,194,1.04432912170887,3.552713678800501e-16,5.245452089451499,12.38546199798584,0.0,0.0,0.0,-385.5466404071746,24678.664040717467,16.0,538.0,50,0.7894736842105263
60,54,6,23461.07211904658,12.398065567016602,131,,train,89,164,0.7138196527957916,1.6431300764452317e-16,4.770224467449242,12.400573172569274,0.0,0.0,0.0,-289.7507211904658,23461.07211904658,6.0,357.0,50,0.9
67,62,4,24274.0888382156,12.38916015625,132,,train,67,174,0.869998887181282,-1.0658141036401502e-16,4.132297399760859,12.391699686050416,0.0,0.0,0.0,-281.50088838215606,24274.0888382156,4.0,338.0,50,0.9253731343283582
72,58,12,25976.455246168327,12.381905555725098,133,,train,90,181,0.9995497912168503,-3.552713678800501e-17,4.855917119288241,12.383920860290527,0.0,0.0,0.0,-364.9245524616833,25976.455246168327,12.0,458.0,50,0.8055555555555556
71,56,15,20921.87188618965,12.379470825195312,134,,train,439,219,1.7235889434814453,-2.3092638912203257e-16,4.415170141937482,12.37975254058838,0.0,0.0,0.0,-338.33871886189644,20921.87188618965,15.0,456.0,50,0.7887323943661971
87,68,16,26145.6113607503,12.378604888916016,135,,train,231,236,0.9859353303909302,7.371880883511039e-16,4.880498003914423,12.378571290969848,0.0,0.0,0.0,-400.896113607503,26145.6113607503,16.0,572.0,50,0.7816091954022989
81,61,15,25705.842713946633,12.378263473510742,136,,train,146,205,0.8614308685064316,-6.217248937900877e-17,5.65912191005213,12.378956084251405,0.0,0.0,0.0,-388.8584271394663,25705.842713946633,15.0,590.0,50,0.7530864197530864
78,56,19,26641.506356222675,12.379642486572266,137,,train,150,187,0.8341745138168335,1.7319479184152443e-16,5.298583349233847,12.380385456085206,0.0,0.0,0.0,-429.6350635622267,26641.506356222675,19.0,561.0,50,0.717948717948718
80,70,8,24627.804421113313,12.378524780273438,138,,train,68,213,0.8343643844127655,7.993605777301127e-17,4.38485633743659,12.379021697044372,0.0,0.0,0.0,-319.3180442111332,24627.804421113313,8.0,452.0,50,0.875
84,58,21,26778.868509908927,12.365242958068848,139,,train,195,207,1.0689736604690552,-3.1974423109204507e-16,5.998698750998465,12.371834483146667,0.0,0.0,0.0,-449.18868509908924,26778.868509908927,21.0,670.0,50,0.6904761904761905
83,58,25,25073.17005849457,12.35312271118164,140,,train,545,209,1.3875937461853027,-7.105427357601002e-17,5.330875718133605,12.365271735191346,0.0,0.0,0.0,-463.53170058494567,25073.17005849457,25.0,640.0,50,0.6987951807228916
78,55,20,23950.36047421955,12.329866409301758,141,,train,136,206,1.2468638718128204,1.2434497875801754e-16,5.53702603913271,12.342992496490478,0.0,0.0,0.0,-411.4636047421955,23950.36047421955,20.0,598.0,50,0.7051282051282052
76,59,16,25867.89093126756,12.330917358398438,142,,train,206,198,0.8908101916313171,3.641531520770513e-16,5.275339009593225,12.339755973815919,0.0,0.0,0.0,-397.51890931267565,25867.89093126756,16.0,542.0,50,0.7763157894736842
69,57,11,21942.159590107956,12.338833808898926,143,,train,174,190,0.8063477426767349,-1.2434497875801754e-16,4.481848102843389,12.342730746269226,0.0,0.0,0.0,-315.78159590107947,21942.159590107956,11.0,418.0,50,0.8260869565217391
78,62,11,26331.71694888699,12.330232620239258,144,,train,169,197,1.1397850215435028,-1.8207657603852566e-16,5.858065800892571,12.331085205078125,0.0,0.0,0.0,-362.05716948887,26331.71694888699,11.0,537.0,50,0.7948717948717948
75,57,18,21413.986531784973,12.319314002990723,145,,train,655,206,0.9077394157648087,4.973799150320702e-16,4.449833552005843,12.32051013469696,0.0,0.0,0.0,-368.1598653178497,21413.986531784973,18.0,501.0,50,0.76
64,56,8,21235.950700605714,12.328672409057617,146,,train,202,204,0.8441587388515472,2.6645352591003756e-17,5.238870323477982,12.33156361579895,0.0,0.0,0.0,-284.7795070060571,21235.950700605714,8.0,421.0,50,0.875
69,60,8,23478.408507397056,12.324501991271973,147,,train,178,198,1.1139606833457947,3.064215547965432e-16,4.286277421331835,12.32987961769104,0.0,0.0,0.0,-306.4240850739706,23478.408507397056,8.0,382.0,50,0.8695652173913043
83,63,16,26533.603245531238,12.290356636047363,148,,train,145,218,0.9113562554121017,7.105427357601002e-17,5.430602810807365,12.29421504020691,0.0,0.0,0.0,-405.09603245531235,26533.603245531238,16.0,588.0,50,0.7590361445783133
78,57,18,24916.619164179963,12.30599594116211,149,,train,119,194,0.8041765689849854,-8.260059303211165e-16,5.261202934253404,12.308416991233825,0.0,0.0,0.0,-404.2861916417995,24916.619164179963,18.0,556.0,50,0.7307692307692307
81,49,28,21747.86340495646,,149,0,eval,358,151,,,4.046131061167325,0.0,0.0,0.0,0.0,-452.95863404956464,21747.86340495646,28.0,574.0,50,0.6049382716049383
65,33,25,21102.322861341036,,149,1,eval,493,83,,,3.769317113722124,0.0,0.0,0.0,0.0,-420.6632286134103,21102.322861341036,25.0,482.0,50,0.5076923076923077
57,29,24,18664.53565176183,,149,2,eval,297,98,,,3.4487426396999536,0.0,0.0,0.0,0.0,-387.10535651761825,18664.53565176183,24.0,423.0,50,0.5087719298245614
80,42,31,23913.500142992027,,149,3,eval,31,109,,,3.904368368646387,0.0,0.0,0.0,0.0,-499.1550014299203,23913.500142992027,31.0,601.0,50,0.525
74,49,22,19410.924639382465,,149,4,eval,296,162,,,3.9300129464232367,0.0,0.0,0.0,0.0,-380.2492463938247,19410.924639382465,22.0,507.0,50,0.6621621621621622
69,56,13,21789.7817375864,12.312385559082031,150,,train,499,191,0.8034911006689072,1.9095836023552692e-16,3.798066030736279,12.313532361984253,0.0,0.0,0.0,-329.7978173758641,21789.7817375864,13.0,395.0,50,0.8115942028985508
83,68,12,25974.04474844821,12.303041458129883,151,,train,96,219,0.8101591020822525,-3.108624468950438e-16,4.922297334029214,12.303374032974244,0.0,0.0,0.0,-366.3404474844822,25974.04474844821,12.0,530.0,50,0.8192771084337349
73,60,9,21885.98298548385,12.297341346740723,152,,train,47,207,0.8419125974178314,1.9539925233402755e-16,4.519764448065225,12.297259702682496,0.0,0.0,0.0,-299.5398298548385,21885.98298548385,9.0,434.0,50,0.821917808219178
75,52,23,22389.976908033048,12.29279899597168,153,,train,970,194,1.1145952641963959,3.2862601528904633e-16,4.881685858645575,12.292083945274353,0.0,0.0,0.0,-419.1197690803304,22389.976908033048,23.0,561.0,50,0.6933333333333334
70,51,19,21705.497445209334,12.291583061218262,154,,train,463,192,0.9686727821826935,-3.9968028886505634e-17,5.43943540274519,12.288953065872192,0.0,0.0,0.0,-379.6349744520933,21705.497445209334,19.0,529.0,50,0.7285714285714285
78,60,16,23218.24702483596,12.299173355102539,155,,train,96,205,1.3409730195999146,-1.509903313490213e-16,4.449001069926226,12.297409510612487,0.0,0.0,0.0,-370.1024702483596,23218.24702483596,16.0,496.0,50,0.7692307692307693
71,56,15,23039.678911834948,12.311271667480469,156,,train,247,196,1.0335551351308823,-4.4408920985006264e-17,4.157983409337768,12.309122371673585,0.0,0.0,0.0,-359.31678911834945,23039.678911834948,15.0,446.0,50,0.7887323943661971
68,55,13,21443.220200488344,12.318456649780273,157,,train,232,208,1.0381192564964294,-2.2648549702353194e-16,4.990848529234191,12.31400851726532,0.0,0.0,0.0,-327.61220200488344,21443.220200488344,13.0,459.0,50,0.8088235294117647
63,55,7,22879.14692748835,12.32015609741211,158,,train,63,180,0.7668841034173965,2.042810365310288e-16,4.525303664596465,12.318642225265503,0.0,0.0,0.0,-291.99146927488346,22879.14692748835,7.0,360.0,50,0.873015873015873
77,62,14,23481.373097757765,12.30769157409668,159,,train,293,223,0.8633834719657898,-3.1974423109204507e-16,4.544891239432996,12.309679527282714,0.0,0.0,0.0,-356.4937309775776,23481.373097757765,14.0,484.0,50,0.8051948051948052
74,52,21,22896.934936534733,12.312602996826172,160,,train,669,188,0.9457167685031891,2.2204460492503132e-17,4.362869908892302,12.316274318695069,0.0,0.0,0.0,-407.12934936534737,22896.934936534733,21.0,508.0,50,0.7027027027027027
72,54,17,19730.514887593577,12.301264762878418,161,,train,154,215,1.1365764141082764,-4.884981308350689e-16,4.776908907232451,12.303623037338257,0.0,0.0,0.0,-343.1851488759358,19730.514887593577,17.0,494.0,50,0.75
78,57,21,24886.59882144625,12.299995422363281,162,,train,209,204,1.095833644270897,-2.4424906541753446e-16,5.005219322641895,12.298857231140136,0.0,0.0,0.0,-428.26598821446254,24886.59882144625,21.0,570.0,50,0.7307692307692307
70,54,14,25301.669940439046,12.308398246765137,163,,train,135,172,0.9178616404533386,-4.618527782440651e-16,5.231374178014427,12.30459602355957,0.0,0.0,0.0,-374.69669940439053,25301.669940439046,14.0,484.0,50,0.7714285714285715
72,55,16,25323.682456810304,12.316825866699219,164,,train,286,174,1.2365694046020508,-4.085620730620576e-16,4.823364527333402,12.31071159362793,0.0,0.0,0.0,-391.13682456810307,25323.682456810304,16.0,495.0,50,0.7638888888888888
52,43,9,20756.080669027633,12.33226490020752,165,,train,252,142,1.005983591079712,3.774758283725532e-16,4.545513337099564,12.32833683013916,0.0,0.0,0.0,-286.0808066902763,20756.080669027633,9.0,326.0,50,0.8269230769230769
71,61,5,22926.010135019373,12.33365249633789,166,,train,56,201,0.9167374521493912,-4.263256414560601e-16,3.8819462955061756,12.330394077301026,0.0,0.0,0.0,-276.2001013501938,22926.010135019373,5.0,347.0,50,0.8591549295774648
62,60,1,23342.826705353655,12.336564064025879,167,,train,44,184,0.8012919574975967,1.2434497875801754e-16,4.240336980427965,12.332558002471924,0.0,0.0,0.0,-247.40826705353663,23342.826705353655,1.0,299.0,50,0.967741935483871
67,54,13,21263.56987935948,12.35265064239502,168,,train,317,172,0.7459617108106613,2.3980817331903383e-16,3.9821590959227793,12.34876407623291,0.0,0.0,0.0,-324.6156987935948,21263.56987935948,13.0,399.0,50,0.8059701492537313
73,61,8,23671.89461677065,12.348841667175293,169,,train,144,192,0.7181989550590515,3.907985046680551e-16,4.821963708682024,12.346101064682006,0.0,0.0,0.0,-309.5189461677064,23671.89461677065,8.0,440.0,50,0.8356164383561644
74,59,13,23839.04992740187,12.340404510498047,170,,train,140,182,0.8894839435815811,-3.552713678800501e-17,5.190360928001549,12.340278339385986,0.0,0.0,0.0,-352.33049927401873,23839.04992740187,13.0,497.0,50,0.7972972972972973
76,59,16,24569.581458279117,12.340045928955078,171,,train,258,193,0.8312251716852188,3.8635761256955447e-16,5.082343203067069,12.341181387901306,0.0,0.0,0.0,-384.13581458279117,24569.581458279117,16.0,522.0,50,0.7763157894736842
70,57,12,21847.902853466912,12.34524154663086,172,,train,161,194,1.605634182691574,-1.021405182655144e-16,4.377763599805976,12.34489185333252,0.0,0.0,0.0,-322.87902853466903,21847.902853466912,12.0,420.0,50,0.8142857142857143
69,61,8,20360.745245148897,12.358978271484375,173,,train,321,211,0.793505921959877,-2.842170943040401e-16,3.58401871242254,12.355854759216308,0.0,0.0,0.0,-274.48745245148905,20360.745245148897,8.0,344.0,50,0.8840579710144928
67,58,7,22317.9164396533,12.353474617004395,174,,train,171,197,0.9436648339033127,0.0,4.372280458332989,12.351404585838317,0.0,0.0,0.0,-286.65916439653296,22317.9164396533,7.0,374.0,50,0.8656716417910447
81,59,21,23080.91858932506,,174,0,eval,361,169,,,4.280279547069178,0.0,0.0,0.0,0.0,-409.5491858932506,23080.91858932506,21.0,537.0,50,0.7283950617283951
69,50,19,21376.5714890699,,174,1,eval,669,160,,,4.682452329487283,0.0,0.0,0.0,0.0,-375.54571489069895,21376.5714890699,19.0,489.0,50,0.7246376811594203
57,36,18,19300.451499274925,,174,2,eval,197,121,,,2.516057300314396,0.0,0.0,0.0,0.0,-343.8845149927493,19300.451499274925,18.0,344.0,50,0.631578947368421
81,51,27,19572.90212863498,,174,3,eval,270,186,,,3.5885574856449884,0.0,0.0,0.0,0.0,-422.6090212863499,19572.90212863498,27.0,544.0,50,0.6296296296296297
70,43,25,19619.749286038215,,174,4,eval,389,133,,,3.479537936871458,0.0,0.0,0.0,0.0,-405.7374928603821,19619.749286038215,25.0,477.0,50,0.6142857142857143
76,55,20,22807.604848869723,12.341474533081055,175,,train,427,210,1.4123264849185944,-4.973799150320702e-16,4.679503254906362,12.342661447525025,0.0,0.0,0.0,-398.79604848869735,22807.604848869723,20.0,536.0,50,0.7236842105263158
71,49,19,23444.99614709065,12.343550682067871,176,,train,220,171,0.9291267395019531,5.329070518200751e-17,4.998658085292141,12.347305250167846,0.0,0.0,0.0,-396.64996147090653,23444.99614709065,19.0,510.0,50,0.6901408450704225
82,68,12,24518.69994046761,12.335269927978516,177,,train,160,232,0.9125112742185593,-4.04121180963557e-16,4.6487577583347885,12.339512038230897,0.0,0.0,0.0,-351.40699940467596,24518.69994046761,12.0,511.0,50,0.8292682926829268
82,67,9,26317.795531606793,12.32805061340332,178,,train,152,204,1.0857534110546112,3.730349362740526e-16,4.846830725039273,12.331511211395263,0.0,0.0,0.0,-345.117955316068,26317.795531606793,9.0,497.0,50,0.8170731707317073
66,54,12,21083.81855336282,12.32856273651123,179,,train,250,194,1.0114000588655472,-7.194245199571015e-16,4.558013818591113,12.329003562927246,0.0,0.0,0.0,-315.1981855336282,21083.81855336282,12.0,418.0,50,0.8181818181818182
75,52,17,23320.80288341902,12.337738037109375,180,,train,158,185,0.8227362781763077,-2.042810365310288e-16,5.793796206883057,12.336829600334168,0.0,0.0,0.0,-380.50802883419016,23320.80288341902,17.0,565.0,50,0.6933333333333334
83,61,18,23575.586158995528,12.325170516967773,181,,train,301,230,0.8456405848264694,3.907985046680551e-16,4.62207359930592,12.324482955932616,0.0,0.0,0.0,-390.8958615899553,23575.586158995528,18.0,557.0,50,0.7349397590361446
70,50,19,19276.489100236184,12.333725929260254,182,,train,431,198,0.9124977737665176,4.4408920985006264e-17,3.507792837277535,12.333722229003905,0.0,0.0,0.0,-353.3648910023618,19276.489100236184,19.0,430.0,50,0.7142857142857143
68,56,10,21982.906165060933,12.332758903503418,183,,train,148,194,0.8435088098049164,-1.2390088954816747e-15,3.6254550619666803,12.332794332504273,0.0,0.0,0.0,-306.8490616506094,21982.906165060933,10.0,351.0,50,0.8235294117647058
77,58,15,21475.448192416705,12.333953857421875,184,,train,442,219,3.5023351311683655,1.376676550535194e-16,5.096023645875408,12.336550493240356,0.0,0.0,0.0,-345.0344819241671,21475.448192416705,15.0,514.0,50,0.7532467532467533
77,54,18,25357.454276538443,12.320412635803223,185,,train,249,194,0.8753058314323425,1.4210854715202004e-16,6.031445453506937,12.325922660827636,0.0,0.0,0.0,-409.2545427653843,25357.454276538443,18.0,584.0,50,0.7012987012987013
63,44,18,22147.369872724645,12.317190170288086,186,,train,304,156,1.2291046380996704,-1.9539925233402755e-16,5.138160648298272,12.320230207443238,0.0,0.0,0.0,-374.9936987272463,22147.369872724645,18.0,476.0,50,0.6984126984126984
69,61,6,22849.88986982151,12.318974494934082,187,,train,63,202,0.9171909987926483,-1.509903313490213e-16,4.070956340610795,12.321032781600952,0.0,0.0,0.0,-283.7788986982151,22849.88986982151,6.0,364.0,50,0.8840579710144928
74,59,14,23956.073395200576,12.31900691986084,188,,train,356,207,1.0216187536716461,-2.220446049250313e-16,5.439592259132368,12.31880214691162,6.0,0.0,0.0,-367.94073395200587,23956.073395200576,14.0,519.0,50,0.7972972972972973
70,48,22,25533.03445680118,12.319573402404785,189,,train,364,176,0.8222546726465225,-2.042810365310288e-16,4.378638337713906,12.317518119812013,6.0,0.0,0.0,-447.2703445680118,25533.03445680118,22.0,497.0,50,0.6857142857142857
67,57,10,20497.693303610147,12.325520515441895,190,,train,222,203,0.9831797331571579,1.2434497875801754e-16,3.964248528641612,12.326387338638305,0.0,0.0,0.0,-292.5569330361015,20497.693303610147,10.0,379.0,50,0.8507462686567164
56,43,13,22343.77271749782,12.312626838684082,191,,train,166,159,0.7087281197309494,1.3322676295501878e-16,4.130416606353605,12.31578757762909,0.0,0.0,0.0,-334.5577271749782,22343.77271749782,13.0,356.0,50,0.7678571428571429
66,48,18,24365.430882573615,12.309508323669434,192,,train,221,160,3.104545772075653,8.881784197001253e-18,4.216369905371146,12.307712783813477,0.0,0.0,0.0,-396.51430882573624,24365.430882573615,18.0,443.0,50,0.7272727272727273
79,61,13,23477.527597551238,12.317800521850586,193,,train,106,218,0.9225917607545853,2.0872192862952942e-16,4.064280175786456,12.315374026298523,0.0,0.0,0.0,-347.8352759755125,23477.527597551238,13.0,453.0,50,0.7721518987341772
69,57,9,24032.359329301682,12.317801475524902,194,,train,53,179,1.1241222470998764,-6.572520305780927e-16,5.343830351303354,12.317832813262939,0.0,0.0,0.0,-321.3435932930168,24032.359329301682,9.0,451.0,50,0.8260869565217391
78,62,16,23167.113724233946,12.303763389587402,195,,train,410,206,1.6774580478668213,-2.042810365310288e-16,4.592321731492542,12.312573637962341,0.0,0.0,0.0,-369.79113724233946,23167.113724233946,16.0,506.0,50,0.7948717948717948
66,56,10,21154.143368668676,12.304052352905273,196,,train,266,187,0.8356574475765228,7.993605777301127e-17,4.205270177677987,12.312546610832214,0.0,0.0,0.0,-299.3014336866869,21154.143368668676,10.0,388.0,50,0.8484848484848485
65,56,8,22621.567348138688,12.317010879516602,197,,train,291,184,0.7902680933475494,1.4210854715202004e-16,3.9238441728578315,12.317062864303589,0.0,0.0,0.0,-297.0956734813869,22621.567348138688,8.0,344.0,50,0.8615384615384616
66,61,4,23887.834085455586,12.30788516998291,198,,train,108,185,0.8527446687221527,1.7319479184152443e-16,5.059877575504911,12.30179301738739,0.0,0.0,0.0,-278.67834085455587,23887.834085455586,4.0,390.0,50,0.9242424242424242
65,53,12,22350.835862019438,12.311196327209473,199,,train,452,164,0.8512275665998459,4.440892098500626e-18,5.305428601924631,12.303395147323608,0.0,0.0,0.0,-328.5683586201943,22350.835862019438,12.0,453.0,50,0.8153846153846154
82,51,28,22186.00907154719,,199,0,eval,135,159,,,4.090795347801357,0.0,0.0,0.0,0.0,-457.50009071547186,22186.00907154719,28.0,582.0,50,0.6219512195121951
67,40,23,21016.9877851038,,199,1,eval,477,133,,,3.817760241430732,0.0,0.0,0.0,0.0,-403.4898778510381,21016.9877851038,23.0,466.0,50,0.5970149253731343
53,42,11,17873.927012116816,,199,2,eval,659,132,,,3.2250689931025507,0.0,0.0,0.0,0.0,-272.5392701211682,17873.927012116816,11.0,290.0,50,0.7924528301886793
80,56,21,22738.531150454917,,199,3,eval,383,182,,,3.7444188767655997,0.0,0.0,0.0,0.0,-405.40531150454905,22738.531150454917,21.0,501.0,50,0.7
79,53,21,18635.38947586712,,199,4,eval,145,204,,,3.5857398777605898,0.0,0.0,0.0,0.0,-364.29389475867123,18635.38947586712,21.0,497.0,50,0.6708860759493671
68,53,13,23466.662150314663,12.31601619720459,200,,train,190,177,0.8602579236030579,2.6645352591003756e-16,3.9991487640617254,12.310880236625671,0.0,0.0,0.0,-346.6266215031467,23466.662150314663,13.0,398.0,50,0.7794117647058824
61,53,7,22569.021296175488,12.328132629394531,201,,train,196,168,0.8609735071659088,6.661338147750939e-16,4.69256483343039,12.326694812774658,0.0,0.0,0.0,-288.9302129617549,22569.021296175488,7.0,362.0,50,0.8688524590163934
77,68,9,22924.486493250533,12.323141098022461,202,,train,300,213,0.7826878279447556,1.1102230246251565e-16,3.876470227965978,12.324655570983886,0.0,0.0,0.0,-309.4448649325053,22924.486493250533,9.0,410.0,50,0.8831168831168831
64,51,11,21888.426152934146,12.327192306518555,203,,train,244,170,0.8664776235818863,-3.552713678800501e-16,4.881069411986828,12.326656470298767,0.0,0.0,0.0,-315.0642615293415,21888.426152934146,11.0,409.0,50,0.796875
78,57,17,27120.389803396072,12.32649040222168,204,,train,77,182,1.2347812950611115,-3.1974423109204507e-16,5.71255929426589,12.326712627410888,0.0,0.0,0.0,-418.76389803396074,27120.389803396072,17.0,578.0,50,0.7307692307692307
80,53,25,25560.401929413925,12.317517280578613,205,,train,195,200,0.6870409697294235,-1.3322676295501878e-16,5.00532978316433,12.320226411819458,0.0,0.0,0.0,-467.70401929413936,25560.401929413925,25.0,605.0,50,0.6625
70,57,12,23835.56719404119,12.329468727111816,206,,train,297,169,0.8515728116035461,1.5987211554602254e-16,4.112182062257578,12.330157270431519,0.0,0.0,0.0,-342.5756719404119,23835.56719404119,12.0,411.0,50,0.8142857142857143
77,50,25,23882.898419990048,12.310680389404297,207,,train,247,175,0.8883634507656097,3.508304757815495e-16,5.078247344238007,12.310588216781616,0.0,0.0,0.0,-450.8689841999005,23882.898419990048,25.0,602.0,50,0.6493506493506493
62,51,11,22782.46710235929,12.33080768585205,208,,train,376,168,0.9008668214082718,1.687538997430238e-16,4.23357034747073,12.330339374542236,0.0,0.0,0.0,-323.36467102359296,22782.46710235929,11.0,377.0,50,0.8225806451612904
71,51,18,22506.759530483985,12.319116592407227,209,,train,312,190,0.9628692716360092,1.1546319456101628e-16,3.9756529812723373,12.317218742370606,0.0,0.0,0.0,-378.10759530483983,22506.759530483985,18.0,452.0,50,0.7183098591549296
69,52,14,25506.07704398005,12.330659866333008,210,,train,228,156,0.7059727609157562,7.283063041541026e-16,5.136550574425892,12.328845701217652,0.0,0.0,0.0,-376.5407704398006,25506.07704398005,14.0,474.0,50,0.7536231884057971
70,59,10,23783.3294260291,12.313036918640137,211,,train,213,191,1.240152269601822,-1.7763568394002505e-17,4.935892617296575,12.313131804466247,0.0,0.0,0.0,-326.7332942602909,23783.3294260291,10.0,445.0,50,0.8428571428571429
74,60,14,22870.2132645738,12.31511116027832,212,,train,540,197,0.9501618593931198,-8.43769498715119e-17,4.861624858512945,12.317286653518677,0.0,0.0,0.0,-350.54213264573804,22870.2132645738,14.0,492.0,50,0.8108108108108109
62,38,23,19956.393128246764,12.320911407470703,213,,train,209,169,2.3135785162448883,-4.085620730620576e-16,5.010449884495388,12.31640426158905,0.0,0.0,0.0,-393.50393128246765,19956.393128246764,23.0,497.0,50,0.6129032258064516
85,51,33,23399.407494254534,12.326958656311035,214,,train,428,202,1.028681606054306,-3.774758283725532e-16,4.642494058935158,12.318064460754394,0.0,0.0,0.0,-511.2740749425453,23399.407494254534,33.0,664.0,50,0.6
73,65,8,23065.1268148991,12.337630271911621,215,,train,160,212,0.8988364785909653,4.1744385725905884e-16,4.219366447920462,12.333457469940186,0.0,0.0,0.0,-302.75126814899096,23065.1268148991,8.0,405.0,50,0.8904109589041096
76,60,14,25789.477621088678,12.333112716674805,216,,train,274,195,0.9827573299407959,-8.881784197001253e-17,5.205855137633467,12.331308889389039,0.0,0.0,0.0,-380.1347762108868,25789.477621088678,14.0,512.0,50,0.7894736842105263
81,67,13,24082.527443804083,12.34091854095459,217,,train,159,223,0.8575609773397446,-3.019806626980426e-16,4.463588572748535,12.34096682548523,0.0,0.0,0.0,-354.80527443804084,24082.527443804083,13.0,499.0,50,0.8271604938271605
63,48,12,23475.164075987188,12.343064308166504,218,,train,145,147,0.6785897687077522,4.75175454539567e-16,4.357332525647055,12.343998794555665,0.0,0.0,0.0,-338.59164075987184,23475.164075987188,12.0,392.0,50,0.7619047619047619
59,48,11,21640.832780732533,12.342576026916504,219,,train,293,148,0.7240002304315567,-2.7977620220553945e-16,3.5558846215925652,12.34090323448181,0.0,0.0,0.0,-310.9283278073253,21640.832780732533,11.0,326.0,50,0.8135593220338984
71,51,16,22260.6190236086,12.339338302612305,220,,train,256,192,0.8413300812244415,3.552713678800501e-16,4.857793460843756,12.337378787994385,0.0,0.0,0.0,-360.30619023608597,22260.6190236086,16.0,485.0,50,0.7183098591549296
77,60,12,23985.195317665177,12.342011451721191,221,,train,99,204,0.8922725468873978,-4.263256414560601e-16,5.260559822330767,12.34389111995697,0.0,0.0,0.0,-345.8119531766518,23985.195317665177,12.0,498.0,50,0.7792207792207793
64,51,11,22615.822017562798,12.344743728637695,222,,train,171,174,3.1954581141471863,-9.325873406851315e-17,3.656105572852029,12.347349467277526,0.0,0.0,0.0,-321.11822017562804,22615.822017562798,11.0,348.0,50,0.796875
78,66,12,24211.703835064483,12.335212707519531,223,,train,255,200,0.9057511985301971,-3.641531520770513e-16,4.559729656568814,12.336497397422791,0.0,0.0,0.0,-347.7170383506448,24211.703835064483,12.0,480.0,50,0.8461538461538461
77,54,21,23477.15735396342,12.340819358825684,224,,train,264,201,0.9908175468444824,-1.3322676295501878e-17,4.669389276972665,12.340231342315674,0.0,0.0,0.0,-413.65157353963417,23477.15735396342,21.0,544.0,50,0.7012987012987013
78,56,18,20666.956794747595,,224,0,eval,44,188,,,4.016328919192881,0.0,0.0,0.0,0.0,-360.4295679474759,20666.956794747595,18.0,488.0,50,0.717948717948718
66,42,22,20253.35671611764,,224,1,eval,273,142,,,4.130445362130463,0.0,0.0,0.0,0.0,-388.0535671611764,20253.35671611764,22.0,476.0,50,0.6363636363636364
56,50,6,18179.567865134733,,224,2,eval,432,154,,,3.1793983510330257,0.0,0.0,0.0,0.0,-234.97567865134738,18179.567865134733,6.0,259.0,50,0.8928571428571429
81,52,21,21315.5116254209,,224,3,eval,170,182,,,4.097942063284833,0.0,0.0,0.0,0.0,-392.2751162542091,21315.5116254209,21.0,556.0,50,0.6419753086419753
72,42,26,18694.773195794023,,224,4,eval,374,162,,,4.048990381048567,0.0,0.0,0.0,0.0,-405.48773195794024,18694.773195794023,26.0,527.0,50,0.5833333333333334
78,57,20,24158.363826057855,12.334939002990723,225,,train,115,188,0.9009442925453186,-5.329070518200751e-17,5.236906098967543,12.33404887676239,0.0,0.0,0.0,-413.0436382605786,24158.363826057855,20.0,573.0,50,0.7307692307692307
64,53,10,24215.083131528656,12.351919174194336,226,,train,319,168,0.7746786177158356,1.9539925233402755e-16,4.092238660799106,12.35088680267334,0.0,0.0,0.0,-329.45083131528656,24215.083131528656,10.0,365.0,50,0.828125
75,56,19,23019.81027153585,12.334312438964844,227,,train,621,209,0.9117300510406494,-1.6431300764452317e-16,4.398823399028478,12.332779426574707,0.0,0.0,0.0,-392.2581027153586,23019.81027153585,19.0,503.0,50,0.7466666666666667
76,57,17,24558.429538045904,12.341842651367188,228,,train,144,214,1.107399046421051,-7.638334409421077e-16,4.69702510749472,12.340973520278931,0.0,0.0,0.0,-391.82429538045915,24558.429538045904,17.0,512.0,50,0.75
83,68,15,24129.194990738317,12.343504905700684,229,,train,265,232,0.8184046298265457,1.127986593019159e-15,4.987763837410749,12.342963829040528,0.0,0.0,0.0,-372.35194990738324,24129.194990738317,15.0,553.0,50,0.8192771084337349
74,56,16,23761.645492729796,12.345974922180176,230,,train,209,189,0.9008314609527588,-4.440892098500626e-16,5.044606719161758,12.344920034408569,0.0,0.0,0.0,-375.83645492729795,23761.645492729796,16.0,511.0,50,0.7567567567567568
77,58,19,23874.51494100399,12.34109878540039,231,,train,321,203,0.961516797542572,6.128431095930864e-16,4.183735582598897,12.338811011314393,0.0,0.0,0.0,-400.8251494100399,23874.51494100399,19.0,504.0,50,0.7532467532467533
70,58,12,23896.706432868104,12.355632781982422,232,,train,363,191,1.197144329547882,-1.4654943925052067e-16,4.868235895436325,12.354317893981934,0.0,0.0,0.0,-344.08706432868104,23896.706432868104,12.0,456.0,50,0.8285714285714286
64,51,13,22675.554065484044,12.347311019897461,233,,train,151,159,0.8279908746480942,-8.526512829121202e-16,3.7218056771269885,12.348847217559815,0.0,0.0,0.0,-338.19554065484056,22675.554065484044,13.0,372.0,50,0.796875
79,57,19,24809.92561168595,12.329568862915039,234,,train,101,202,0.7732628732919693,4.485301019485632e-16,5.673761452474887,12.332485384941101,0.0,0.0,0.0,-411.93925611685944,24809.92561168595,19.0,592.0,50,0.7215189873417721
75,59,16,20634.004008378994,12.335810661315918,235,,train,373,222,1.043133169412613,4.4408920985006264e-17,4.507174014028987,12.337083563804626,0.0,0.0,0.0,-344.14004008379,20634.004008378994,16.0,490.0,50,0.7866666666666666
76,66,10,21508.327332086064,12.343992233276367,236,,train,210,227,1.3788609206676483,4.884981308350689e-16,4.617643626849868,12.344890513420104,0.0,0.0,0.0,-304.22327332086064,21508.327332086064,10.0,457.0,50,0.868421052631579
73,55,14,24006.03986178146,12.340596199035645,237,,train,265,181,0.8504225164651871,6.217248937900876e-16,4.571298333443393,12.341883330345153,0.0,0.0,0.0,-361.5203986178147,24006.03986178146,14.0,473.0,50,0.7534246575342466
78,63,13,23361.974163361978,12.342351913452148,238,,train,256,212,1.0067249238491058,-7.371880883511039e-16,4.063989509669883,12.342379417419433,0.0,0.0,0.0,-346.5797416336198,23361.974163361978,13.0,448.0,50,0.8076923076923077
83,59,21,23789.09355389036,12.333456993103027,239,,train,157,213,0.830266147851944,7.993605777301127e-17,5.697835988362083,12.33307692527771,0.0,0.0,0.0,-418.7109355389037,23789.09355389036,21.0,641.0,50,0.7108433734939759
60,51,6,22335.068494319054,12.354608535766602,240,,train,125,165,0.7360483407974243,4.662936703425658e-16,4.045673362775949,12.355029101371764,0.0,0.0,0.0,-277.9106849431905,22335.068494319054,6.0,328.0,50,0.85
66,53,12,24552.08528053939,12.34271240234375,241,,train,387,175,0.8259147703647614,2.708944180085382e-16,4.937763675264735,12.342916221618653,0.0,0.0,0.0,-350.24085280539407,24552.08528053939,12.0,436.0,50,0.803030303030303
64,58,6,21784.47401454242,12.33846378326416,242,,train,222,177,0.9634854793548584,3.419486915845482e-16,4.608392977253945,12.3388658618927,0.0,0.0,0.0,-273.34474014542417,21784.47401454242,6.0,375.0,50,0.90625
75,57,17,22702.567652279726,12.335309028625488,243,,train,555,201,0.8816656172275543,-6.439293542825908e-16,4.930669258754124,12.335331053733826,0.0,0.0,0.0,-373.3256765227973,22702.567652279726,17.0,515.0,50,0.76
63,53,10,21738.642388938562,12.339659690856934,244,,train,242,168,0.7534383237361908,7.682743330406083e-16,4.125354796317089,12.340609226226807,0.0,0.0,0.0,-304.7064238893857,21738.642388938562,10.0,366.0,50,0.8412698412698413
76,61,15,23968.821534168223,12.340818405151367,245,,train,179,207,0.8631611913442612,-3.8635761256955447e-16,4.244904218109131,12.342724962234497,0.0,0.0,0.0,-369.1482153416822,23968.821534168223,15.0,473.0,50,0.8026315789473685
63,51,11,21681.91322024341,12.332502365112305,246,,train,187,166,1.1543734967708588,3.730349362740526e-16,4.638755231611186,12.335410509109497,0.0,0.0,0.0,-312.89913220243403,21681.91322024341,11.0,404.0,50,0.8095238095238095
68,54,14,22303.264372577287,12.330253601074219,247,,train,185,194,0.9029413312673569,3.552713678800501e-17,4.6681310045206015,12.33336404800415,0.0,0.0,0.0,-343.95264372577293,22303.264372577287,14.0,446.0,50,0.7941176470588235
75,57,17,22585.127592807185,12.31934642791748,248,,train,368,202,0.9307519644498825,3.774758283725532e-16,5.473368325381643,12.322747588157654,0.0,0.0,0.0,-372.73127592807174,22585.127592807185,17.0,544.0,50,0.76
72,62,10,21408.556245294447,12.324541091918945,249,,train,90,198,0.853363886475563,-8.526512829121202e-16,4.14774143804639,12.327165184020997,0.0,0.0,0.0,-302.3255624529444,21408.556245294447,10.0,412.0,50,0.8611111111111112
80,54,24,17430.66323662688,,249,0,eval,237,205,,,3.6985089158537345,0.0,0.0,0.0,0.0,-376.6866323662687,17430.66323662688,24.0,519.0,50,0.675
68,50,17,18463.182125249037,,249,1,eval,541,176,,,3.6588303396546196,0.0,0.0,0.0,0.0,-328.8918212524904,18463.182125249037,17.0,413.0,50,0.7352941176470589
54,36,11,15742.62839614669,,249,2,eval,188,147,,,3.2658062249158264,0.0,0.0,0.0,0.0,-251.72628396146692,15742.62839614669,11.0,315.0,50,0.6666666666666666
80,53,22,20213.07764088885,,249,3,eval,121,196,,,3.5043915890631405,0.0,0.0,0.0,0.0,-388.3507764088885,20213.07764088885,22.0,511.0,50,0.6625
73,52,18,18603.446352222265,,249,4,eval,167,193,,,2.748744389709495,0.0,0.0,0.0,0.0,-337.93446352222264,18603.446352222265,18.0,395.0,50,0.7123287671232876
