apps_arrived,apps_done,apps_failed,energy_j,episode,eval_seed,kind,leo_invalid_attempts,leo_placements,mean_delay_s,reward,success_rate
,,,,0,,train,,,,-332.7178051870805,
,,,,1,,train,,,,-361.24977365503514,
,,,,2,,train,,,,-399.4605115749686,
,,,,3,,train,,,,-341.2209470591124,
,,,,4,,train,,,,-407.9413790282834,
,,,,5,,train,,,,-281.1131039019295,
,,,,6,,train,,,,-399.8037550181952,
,,,,7,,train,,,,-313.49008789975596,
,,,,8,,train,,,,-356.48077964938324,
,,,,9,,train,,,,-429.41328066553024,
,,,,10,,train,,,,-307.8444817659938,
,,,,11,,train,,,,-325.2763755602752,
,,,,12,,train,,,,-332.999018943801,
,,,,13,,train,,,,-432.3680885632431,
,,,,14,,train,,,,-405.1552653211503,
,,,,15,,train,,,,-339.10464991275103,
,,,,16,,train,,,,-373.16686138380857,
,,,,17,,train,,,,-280.6467112203586,
,,,,18,,train,,,,-340.60250628518025,
,,,,19,,train,,,,-309.0955678441133,
,,,,20,,train,,,,-439.10595699759426,
,,,,21,,train,,,,-375.91340283003547,
,,,,22,,train,,,,-426.33691065698963,
,,,,23,,train,,,,-316.7396673303651,
,,,,24,,train,,,,-329.75594325025355,
,,,,25,,train,,,,-298.91685708912604,
,,,,26,,train,,,,-348.7749155428901,
,,,,27,,train,,,,-328.9938090014937,
,,,,28,,train,,,,-365.19540438925804,
,,,,29,,train,,,,-399.5724288398894,
,,,,30,,train,,,,-297.19038694094644,
,,,,31,,train,,,,-358.81030018799515,
,,,,32,,train,,,,-423.1087854392063,
,,,,33,,train,,,,-274.41857184400936,
,,,,34,,train,,,,-390.15090921596436,
,,,,35,,train,,,,-445.6084013888304,
,,,,36,,train,,,,-407.0513627545825,
,,,,37,,train,,,,-526.0765335107361,
,,,,38,,train,,,,-413.7938872961618,
,,,,39,,train,,,,-463.4990086983054,
,,,,40,,train,,,,-485.6307372202034,
,,,,41,,train,,,,-472.704078959786,
,,,,42,,train,,,,-434.1659295124645,
,,,,43,,train,,,,-375.77384939242546,
,,,,44,,train,,,,-385.549930955692,
,,,,45,,train,,,,-357.114622275177,
,,,,46,,train,,,,-387.9906965171107,
,,,,47,,train,,,,-424.9378115961506,
,,,,48,,train,,,,-507.477301909078,
,,,,49,,train,,,,-387.71010443912684,
78,64,13,24444.284129093387,49,0,eval,144,197,3.9175386627139512,-357.3828412909338,0.8205128205128205
69,55,9,24183.445144033587,49,1,eval,19,157,5.011000913095216,-322.51445144033596,0.7971014492753623
57,42,12,20736.857671757625,49,2,eval,125,127,3.016717313588798,-309.52857671757624,0.7368421052631579
82,63,15,24095.92905429148,49,3,eval,152,186,3.5761224285176465,-370.2192905429148,0.7682926829268293
77,61,13,24135.437983597938,49,4,eval,131,169,3.374598550309202,-353.4943798359794,0.7922077922077922
,,,,50,,train,,,,-431.4480698599769,
,,,,51,,train,,,,-438.79595019610684,
,,,,52,,train,,,,-438.56228596424586,
,,,,53,,train,,,,-372.7993146398858,
,,,,54,,train,,,,-465.3789906990921,
,,,,55,,train,,,,-471.3510296578404,
,,,,56,,train,,,,-399.70527302419134,
,,,,57,,train,,,,-374.07641143100165,
,,,,58,,train,,,,-408.3438649022639,
,,,,59,,train,,,,-445.81969531986175,
,,,,60,,train,,,,-476.08970382237385,
,,,,61,,train,,,,-394.3880253801108,
,,,,62,,train,,,,-467.17540774254036,
,,,,63,,train,,,,-526.7204918148467,
,,,,64,,train,,,,-423.81473242282345,
,,,,65,,train,,,,-414.6163557546855,
,,,,66,,train,,,,-518.8743046098436,
,,,,67,,train,,,,-393.6661605330239,
,,,,68,,train,,,,-387.5521081746681,
,,,,69,,train,,,,-376.5594718533499,
,,,,70,,train,,,,-328.91826771545607,
,,,,71,,train,,,,-338.05001799092696,
,,,,72,,train,,,,-325.2576825904646,
,,,,73,,train,,,,-381.41627456271414,
,,,,74,,train,,,,-309.91254073933925,
,,,,75,,train,,,,-391.8513679958093,
,,,,76,,train,,,,-461.3405650318527,
,,,,77,,train,,,,-359.2949171482862,
,,,,78,,train,,,,-358.2121933997638,
,,,,79,,train,,,,-349.8301507340462,
,,,,80,,train,,,,-412.79954857555134,
,,,,81,,train,,,,-420.2284535004812,
,,,,82,,train,,,,-372.3426251155193,
,,,,83,,train,,,,-350.2920316249131,
,,,,84,,train,,,,-391.03514143096254,
,,,,85,,train,,,,-317.6974938470193,
,,,,86,,train,,,,-443.89881699071964,
,,,,87,,train,,,,-386.3824847762099,
,,,,88,,train,,,,-345.0643576188766,
,,,,89,,train,,,,-397.79736189558594,
,,,,90,,train,,,,-359.6073325431304,
,,,,91,,train,,,,-423.12702621899564,
,,,,92,,train,,,,-324.76742549785774,
,,,,93,,train,,,,-326.7529438202925,
,,,,94,,train,,,,-468.3449715971512,
,,,,95,,train,,,,-433.58025713791994,
,,,,96,,train,,,,-310.7689154561927,
,,,,97,,train,,,,-347.5650838411095,
,,,,98,,train,,,,-419.98824539978466,
,,,,99,,train,,,,-338.3874623587339,
80,50,27,21013.03711134847,99,0,eval,286,219,4.509044286492455,-437.7903711134846,0.625
64,48,16,17967.055833337745,99,1,eval,662,200,3.429053082032652,-315.3305583333775,0.75
58,50,6,19820.98664069604,99,2,eval,120,175,3.205467673527877,-251.64986640696037,0.8620689655172413
77,40,28,20143.31583368239,99,3,eval,374,192,3.265912397044402,-436.4931583368239,0.5194805194805194
76,55,20,20047.236148205346,99,4,eval,794,210,2.973346110482731,-369.1123614820534,0.7236842105263158
,,,,100,,train,,,,-365.4755961206093,
,,,,101,,train,,,,-517.9539995203628,
,,,,102,,train,,,,-375.0167102729554,
,,,,103,,train,,,,-387.65518982885686,
,,,,104,,train,,,,-372.49958299728166,
,,,,105,,train,,,,-314.2836619503186,
,,,,106,,train,,,,-376.67500784172597,
,,,,107,,train,,,,-424.74082321109205,
,,,,108,,train,,,,-353.1439460040041,
,,,,109,,train,,,,-345.29587275537165,
,,,,110,,train,,,,-342.93243884239246,
,,,,111,,train,,,,-422.4164211814961,
,,,,112,,train,,,,-397.09771973835245,
,,,,113,,train,,,,-407.1341706698737,
,,,,114,,train,,,,-411.3444522052396,
,,,,115,,train,,,,-320.3210816088425,
,,,,116,,train,,,,-410.3110646682026,
,,,,117,,train,,,,-433.8696372368409,
,,,,118,,train,,,,-329.18981454450704,
,,,,119,,train,,,,-377.6493356863506,
,,,,120,,train,,,,-437.2153881625945,
,,,,121,,train,,,,-415.21593350752755,
,,,,122,,train,,,,-330.44392915144914,
,,,,123,,train,,,,-301.1117488251468,
,,,,124,,train,,,,-350.98872496369466,
,,,,125,,train,,,,-404.6678442666715,
,,,,126,,train,,,,-426.33265477416,
,,,,127,,train,,,,-356.3427154638151,
,,,,128,,train,,,,-379.4606020230287,
,,,,129,,train,,,,-410.8431083192156,
,,,,130,,train,,,,-370.017966073561,
,,,,131,,train,,,,-412.2863112062943,
,,,,132,,train,,,,-381.26097569975104,
,,,,133,,train,,,,-403.5375714638073,
,,,,134,,train,,,,-410.4391733512511,
,,,,135,,train,,,,-356.73068359884263,
,,,,136,,train,,,,-394.1592254447591,
,,,,137,,train,,,,-432.534341580865,
,,,,138,,train,,,,-433.51265905309924,
,,,,139,,train,,,,-374.4672210553859,
,,,,140,,train,,,,-445.8581645207464,
,,,,141,,train,,,,-387.09323973594957,
,,,,142,,train,,,,-364.06481765987024,
,,,,143,,train,,,,-395.3993868649269,
,,,,144,,train,,,,-307.52263768509874,
,,,,145,,train,,,,-363.2043266061762,
,,,,146,,train,,,,-363.4089209192186,
,,,,147,,train,,,,-242.69494539154672,
,,,,148,,train,,,,-414.2120168265335,
,,,,149,,train,,,,-423.1203445609849,
79,50,24,18225.53618379741,149,0,eval,339,198,3.6678579743785495,-385.91536183797416,0.6329113924050633
68,41,21,17678.668432151782,149,1,eval,172,166,3.150897928360906,-353.6666843215179,0.6029411764705882
57,40,12,17527.87372505643,149,2,eval,142,148,2.518358930407458,-292.2987372505644,0.7017543859649122
80,52,21,21152.903313068877,149,3,eval,319,205,3.761190430806391,-394.9090331306889,0.65
79,65,14,21880.927408516367,149,4,eval,317,220,3.9199531808542933,-339.9292740851636,0.8227848101265823
,,,,150,,train,,,,-382.7703883681963,
,,,,151,,train,,,,-441.27536332280033,
,,,,152,,train,,,,-386.3017507151525,
,,,,153,,train,,,,-298.57122004296514,
,,,,154,,train,,,,-435.60767141050735,
,,,,155,,train,,,,-309.80301843956124,
,,,,156,,train,,,,-349.2619778269362,
,,,,157,,train,,,,-289.15749919800754,
,,,,158,,train,,,,-343.3184642184452,
,,,,159,,train,,,,-447.7147835750296,
,,,,160,,train,,,,-395.3254888195858,
,,,,161,,train,,,,-442.79907994948434,
,,,,162,,train,,,,-300.8173399066636,
,,,,163,,train,,,,-437.0575084961181,
,,,,164,,train,,,,-384.0518921496914,
,,,,165,,train,,,,-330.89366479563614,
,,,,166,,train,,,,-365.8878966475468,
,,,,167,,train,,,,-339.18233742758963,
,,,,168,,train,,,,-297.74090390150894,
,,,,169,,train,,,,-415.21264025978235,
,,,,170,,train,,,,-437.00303990965375,
,,,,171,,train,,,,-310.69710613731286,
,,,,172,,train,,,,-373.95490300071145,
,,,,173,,train,,,,-363.8206592196862,
,,,,174,,train,,,,-320.42751363142037,
,,,,175,,train,,,,-336.89504100568615,
,,,,176,,train,,,,-446.06340299683507,
,,,,177,,train,,,,-301.34363932544744,
,,,,178,,train,,,,-383.2336451448712,
,,,,179,,train,,,,-436.66876869782595,
,,,,180,,train,,,,-409.40715204060353,
,,,,181,,train,,,,-368.95098271006754,
,,,,182,,train,,,,-284.2592472239665,
,,,,183,,train,,,,-325.83502118397615,
,,,,184,,train,,,,-384.46611838549103,
,,,,185,,train,,,,-348.97492436293214,
,,,,186,,train,,,,-381.24456815966204,
,,,,187,,train,,,,-340.8934315210339,
,,,,188,,train,,,,-311.9829361386464,
,,,,189,,train,,,,-295.44833935054646,
,,,,190,,train,,,,-362.64047331277743,
,,,,191,,train,,,,-390.1967349462765,
,,,,192,,train,,,,-338.0690962488374,
,,,,193,,train,,,,-374.2288148847509,
,,,,194,,train,,,,-371.502559358433,
,,,,195,,train,,,,-389.5551481274284,
,,,,196,,train,,,,-344.8784855261177,
,,,,197,,train,,,,-376.03328431132576,
,,,,198,,train,,,,-440.3686433430686,
,,,,199,,train,,,,-405.12247381256594,
80,49,31,22672.291996920907,199,0,eval,943,195,4.49890504791243,-487.02291996920906,0.6125
69,53,16,20352.19622665734,199,1,eval,306,217,4.287897976962804,-340.4219622665734,0.7681159420289855
57,48,9,18226.24638147754,199,2,eval,326,181,2.96153627076162,-259.7824638147754,0.8421052631578947
80,52,26,20760.657805168496,199,3,eval,553,207,2.9709432396595017,-425.6665780516849,0.65
80,61,17,22231.63315280371,199,4,eval,337,206,4.708473159495003,-368.79633152803723,0.7625
,,,,200,,train,,,,-397.62996975798995,
,,,,201,,train,,,,-377.0445286362794,
,,,,202,,train,,,,-372.8274599267183,
,,,,203,,train,,,,-382.8242777745833,
,,,,204,,train,,,,-396.1739169598325,
,,,,205,,train,,,,-382.17240002506134,
,,,,206,,train,,,,-392.1116432416009,
,,,,207,,train,,,,-345.20236717370705,
,,,,208,,train,,,,-472.0438548517825,
,,,,209,,train,,,,-446.7255990638791,
,,,,210,,train,,,,-462.95371827624655,
,,,,211,,train,,,,-364.2067578186879,
,,,,212,,train,,,,-470.72232442598397,
,,,,213,,train,,,,-382.694896165456,
,,,,214,,train,,,,-379.4922239878971,
,,,,215,,train,,,,-286.06418912162104,
,,,,216,,train,,,,-404.52811624093727,
,,,,217,,train,,,,-426.3899271390296,
,,,,218,,train,,,,-410.1469401569264,
,,,,219,,train,,,,-409.7915193313263,
,,,,220,,train,,,,-334.8513921424849,
,,,,221,,train,,,,-364.76802780897594,
,,,,222,,train,,,,-308.79047626886586,
,,,,223,,train,,,,-337.16315813086413,
,,,,224,,train,,,,-431.0939974007597,
,,,,225,,train,,,,-448.0107400871391,
,,,,226,,train,,,,-345.2157303975251,
,,,,227,,train,,,,-459.48054759313516,
,,,,228,,train,,,,-386.1202998538313,
,,,,229,,train,,,,-373.02526885566783,
,,,,230,,train,,,,-434.4908096692005,
,,,,231,,train,,,,-447.1137067438663,
,,,,232,,train,,,,-303.02709033295736,
,,,,233,,train,,,,-339.4152872031677,
,,,,234,,train,,,,-394.43419450481144,
,,,,235,,train,,,,-415.19753076201044,
,,,,236,,train,,,,-338.6785483762583,
,,,,237,,train,,,,-383.9649588675314,
,,,,238,,train,,,,-385.6069044967024,
,,,,239,,train,,,,-465.9811956901918,
,,,,240,,train,,,,-359.53022930948487,
,,,,241,,train,,,,-396.1577192614711,
,,,,242,,train,,,,-384.31672486960974,
,,,,243,,train,,,,-371.1247506579499,
,,,,244,,train,,,,-486.64181330667117,
,,,,245,,train,,,,-385.11617825915323,
,,,,246,,train,,,,-434.86040043165843,
,,,,247,,train,,,,-439.1116417540345,
,,,,248,,train,,,,-350.07744093813244,
,,,,249,,train,,,,-412.12552010982716,
76,55,17,23432.26453572459,249,0,eval,266,192,3.436302345240867,-401.22264535724577,0.7236842105263158
63,40,18,19681.026460204877,249,1,eval,155,148,3.174482084510123,-373.65026460204865,0.6349206349206349
56,45,8,20154.861644491502,249,2,eval,301,165,3.4578879673532055,-298.528616444915,0.8035714285714286
80,63,17,22254.928802215523,249,3,eval,636,235,3.9588487928598344,-390.2892880221551,0.7875
71,53,17,21335.69086374562,249,4,eval,245,195,3.968224810906848,-387.25690863745626,0.7464788732394366
,,,,250,,train,,,,-354.42427246779215,
,,,,251,,train,,,,-370.7761729284909,
,,,,252,,train,,,,-485.8824646089801,
,,,,253,,train,,,,-432.9592433384549,
,,,,254,,train,,,,-473.92972143061013,
,,,,255,,train,,,,-326.7432661758303,
,,,,256,,train,,,,-380.383594951389,
,,,,257,,train,,,,-355.24187632250585,
,,,,258,,train,,,,-364.7413152151062,
,,,,259,,train,,,,-441.0152862093332,
,,,,260,,train,,,,-431.6880779809659,
,,,,261,,train,,,,-422.4084112872209,
,,,,262,,train,,,,-412.0806191493855,
,,,,263,,train,,,,-397.1531915583938,
,,,,264,,train,,,,-341.86530156404575,
,,,,265,,train,,,,-315.2750517202208,
,,,,266,,train,,,,-369.7290471101188,
,,,,267,,train,,,,-455.1401209675825,
,,,,268,,train,,,,-403.7627138260547,
,,,,269,,train,,,,-399.0116886403946,
,,,,270,,train,,,,-340.01548797272204,
,,,,271,,train,,,,-283.73544297101995,
,,,,272,,train,,,,-393.5030515671604,
,,,,273,,train,,,,-402.822334059116,
,,,,274,,train,,,,-339.15474177171865,
,,,,275,,train,,,,-374.1789455017006,
,,,,276,,train,,,,-406.954096118212,
,,,,277,,train,,,,-441.4885835653585,
,,,,278,,train,,,,-362.96634393912603,
,,,,279,,train,,,,-310.8866984286881,
,,,,280,,train,,,,-353.51578038553134,
,,,,281,,train,,,,-349.0248783796663,
,,,,282,,train,,,,-381.4538550286396,
,,,,283,,train,,,,-410.7008680537036,
,,,,284,,train,,,,-390.51809187079124,
,,,,285,,train,,,,-221.79739577760685,
,,,,286,,train,,,,-278.2834439244722,
,,,,287,,train,,,,-458.66400061532863,
,,,,288,,train,,,,-366.27808628036485,
,,,,289,,train,,,,-322.2089656391097,
,,,,290,,train,,,,-341.24886733135196,
,,,,291,,train,,,,-432.43979952567054,
,,,,292,,train,,,,-331.4825783095352,
,,,,293,,train,,,,-266.0318645687872,
,,,,294,,train,,,,-413.7876910545588,
,,,,295,,train,,,,-383.9438593083965,
,,,,296,,train,,,,-390.6085946043171,
,,,,297,,train,,,,-275.6066793431873,
,,,,298,,train,,,,-375.9836307712021,
,,,,299,,train,,,,-261.51340057857817,
79,46,31,20115.856939363417,299,0,eval,585,215,4.025817226198366,-460.7785693936342,0.5822784810126582
70,51,19,20839.95910132155,299,1,eval,570,208,3.647481126596368,-369.1995910132154,0.7285714285714285
56,43,13,18801.053037602032,299,2,eval,342,165,2.9930484019040007,-298.15053037602036,0.7678571428571429
83,53,27,20002.965227357767,299,3,eval,464,221,3.170140091936688,-426.8296522735777,0.6385542168674698
78,56,21,20626.65050048855,299,4,eval,537,225,3.0457791618580115,-383.2265050048855,0.717948717948718
,,,,300,,train,,,,-391.42774427647873,
,,,,301,,train,,,,-355.4535237121698,
,,,,302,,train,,,,-368.19137129976855,
,,,,303,,train,,,,-313.27739875679947,
,,,,304,,train,,,,-372.2081679979664,
,,,,305,,train,,,,-433.21268519996573,
,,,,306,,train,,,,-326.94835880510254,
,,,,307,,train,,,,-446.58610978374804,
,,,,308,,train,,,,-426.0197792988876,
,,,,309,,train,,,,-360.7014465992051,
,,,,310,,train,,,,-340.64338121831383,
,,,,311,,train,,,,-419.95592279495753,
,,,,312,,train,,,,-347.7427288159735,
,,,,313,,train,,,,-310.55646916344904,
,,,,314,,train,,,,-371.18511411201825,
,,,,315,,train,,,,-352.0890779715848,
,,,,316,,train,,,,-383.2728009830061,
,,,,317,,train,,,,-410.6013553362117,
,,,,318,,train,,,,-399.1186670854748,
,,,,319,,train,,,,-443.3851356981761,
,,,,320,,train,,,,-264.82951927571554,
,,,,321,,train,,,,-408.02673658305946,
,,,,322,,train,,,,-341.1788033067042,
,,,,323,,train,,,,-319.6060286761155,
,,,,324,,train,,,,-392.31071092934917,
,,,,325,,train,,,,-346.75279568555607,
,,,,326,,train,,,,-360.94207477985185,
,,,,327,,train,,,,-366.1783651183387,
,,,,328,,train,,,,-277.3283792030607,
,,,,329,,train,,,,-429.44061274858933,
,,,,330,,train,,,,-452.96374714926344,
,,,,331,,train,,,,-394.67548746136794,
,,,,332,,train,,,,-313.81066557588827,
,,,,333,,train,,,,-421.7586880031626,
,,,,334,,train,,,,-367.23725070946347,
,,,,335,,train,,,,-377.91497472404967,
,,,,336,,train,,,,-388.20737612789577,
,,,,337,,train,,,,-305.6722647038284,
,,,,338,,train,,,,-408.70898067644026,
,,,,339,,train,,,,-363.81610970605095,
,,,,340,,train,,,,-379.77637597360484,
,,,,341,,train,,,,-411.39502461817676,
,,,,342,,train,,,,-418.35762102950326,
,,,,343,,train,,,,-381.87552122807034,
,,,,344,,train,,,,-263.66164176228204,
,,,,345,,train,,,,-338.9380131599792,
,,,,346,,train,,,,-459.0344964081052,
,,,,347,,train,,,,-311.6597663418153,
,,,,348,,train,,,,-408.82786944770305,
,,,,349,,train,,,,-414.04685987500983,
83,57,24,26171.93338537432,349,0,eval,338,209,4.8607835248214535,-465.89933385374326,0.6867469879518072
66,58,6,22588.030137416565,349,1,eval,36,190,3.765885104516649,-280.4003013741656,0.8787878787878788
60,50,8,20378.051303093675,349,2,eval,183,179,3.4837178358224663,-274.0005130309367,0.8333333333333334
83,53,28,24910.668634244183,349,3,eval,321,202,3.3233214237521276,-484.2866863424417,0.6385542168674698
73,56,16,25090.10941498071,349,4,eval,521,198,3.6459293755828193,-387.421094149807,0.7671232876712328
,,,,350,,train,,,,-414.4112652958967,
,,,,351,,train,,,,-323.2568559519575,
,,,,352,,train,,,,-388.6661132088636,
,,,,353,,train,,,,-339.89209693424226,
,,,,354,,train,,,,-343.47679291270003,
,,,,355,,train,,,,-358.6642538179319,
,,,,356,,train,,,,-382.3457986505077,
,,,,357,,train,,,,-401.34249202467646,
,,,,358,,train,,,,-397.06819977646677,
,,,,359,,train,,,,-379.85957812326285,
,,,,360,,train,,,,-355.09311776210626,
,,,,361,,train,,,,-397.18521595812666,
,,,,362,,train,,,,-347.1912812306003,
,,,,363,,train,,,,-448.50538928936544,
,,,,364,,train,,,,-409.697381763279,
,,,,365,,train,,,,-367.8711952283162,
,,,,366,,train,,,,-444.21311606451644,
,,,,367,,train,,,,-378.18847850212444,
,,,,368,,train,,,,-339.4739726828901,
,,,,369,,train,,,,-486.3925721741565,
,,,,370,,train,,,,-415.0761745488899,
,,,,371,,train,,,,-390.21279283567225,
,,,,372,,train,,,,-336.0243313177154,
,,,,373,,train,,,,-351.51276004080125,
,,,,374,,train,,,,-379.15646132438684,
,,,,375,,train,,,,-336.66915735717095,
,,,,376,,train,,,,-335.41394540433913,
,,,,377,,train,,,,-304.33697256812104,
,,,,378,,train,,,,-376.5413445259286,
,,,,379,,train,,,,-374.5384526856962,
,,,,380,,train,,,,-327.9278197094203,
,,,,381,,train,,,,-371.0093427389123,
,,,,382,,train,,,,-370.8611990123517,
,,,,383,,train,,,,-395.93211636319495,
,,,,384,,train,,,,-311.1298541863056,
,,,,385,,train,,,,-380.50302927112887,
,,,,386,,train,,,,-280.13461337152546,
,,,,387,,train,,,,-391.3654951149099,
,,,,388,,train,,,,-384.5784898372182,
,,,,389,,train,,,,-285.3960874197621,
,,,,390,,train,,,,-281.0552506631655,
,,,,391,,train,,,,-398.4528805656892,
,,,,392,,train,,,,-341.8996896844425,
,,,,393,,train,,,,-292.2643427764288,
,,,,394,,train,,,,-319.4909177119464,
,,,,395,,train,,,,-427.2817543849989,
,,,,396,,train,,,,-337.13051206388735,
,,,,397,,train,,,,-386.88155792653015,
,,,,398,,train,,,,-361.7793957248365,
,,,,399,,train,,,,-308.7847742921053,
74,53,21,19893.362397632874,399,0,eval,692,227,3.4712841831416843,-376.13362397632875,0.7162162162162162
67,53,13,17967.78217680999,399,1,eval,228,230,3.238372288079797,-290.95782176809985,0.7910447761194029
57,49,7,18597.15821581981,399,2,eval,140,190,2.3644279406396542,-246.61158215819816,0.8596491228070176
81,59,18,19687.820575999434,399,3,eval,388,246,3.3067930887876305,-350.3382057599944,0.7283950617283951
77,56,21,19454.296705052897,399,4,eval,656,239,2.3211825815834763,-370.70296705052885,0.7272727272727273
