difficulty,ablation,method,episodes,reward_mean,reward_std,latency_mean,task_energy_mean,flight_energy_mean,total_energy_mean,success_rate,drop_rate,offload_ratio_mean,target_local,target_uav,target_leo,target_local_rate,target_uav_rate,target_leo_rate,line,scale,seed,area_km,road_km,uav_speed,runtime_s
v2x_hotspot_hard,none,postmove_exact,15,-66.236336801954,33.76297590939302,0.054058187926971486,0.3163017589241257,149.08945995909195,149.4057617180161,0.9878666666666667,0.012133333333333335,0.10669999999999999,6389,278,833,0.8518666666666667,0.037066666666666664,0.11106666666666666,real,1.0,73,1.0,0.7,25.0,1.9
v2x_hotspot_hard,none,current_exact,15,-68.70495403077005,35.23651393231222,0.05419593573155457,0.31373502416924437,149.08945995909195,149.40319498326122,0.9866666666666666,0.013333333333333334,0.1066,6389,282,829,0.8518666666666667,0.0376,0.11053333333333333,real,1.0,73,1.0,0.7,25.0,2.0
v2x_hotspot_hard,none,predict_tea,15,-68.70495628995371,35.23651254355637,0.054195908137285705,0.3138955873500343,149.08945995909195,149.40335554644201,0.9866666666666666,0.013333333333333334,0.10656666666666666,6389,283,828,0.8518666666666667,0.037733333333333334,0.1104,real,1.0,73,1.0,0.7,25.0,2.2
v2x_hotspot_hard,none,follow_tea,15,-72.43981721185405,37.107956592998725,0.052969161965651074,0.30210668602558954,147.2502556042597,147.55236229028532,0.9844000000000002,0.015600000000000003,0.11003333333333334,6383,268,849,0.8510666666666666,0.03573333333333333,0.1132,real,1.0,73,1.0,0.7,25.0,2.1
v2x_hotspot_hard,none,pmeo_e,15,-95.69977275731449,61.784769607122115,0.060025962445638355,0.3049017929375132,83.22968021868222,83.5345820116197,0.9713333333333334,0.028666666666666667,0.10883333333333334,6376,394,730,0.8501333333333333,0.052533333333333335,0.09733333333333333,real,1.0,73,1.0,0.7,25.0,2.8
v2x_hotspot_hard,none,random,15,-240.29543577375048,136.26812165453288,0.11630323291021996,0.9654442693307146,145.80608225040754,146.77152651973822,0.9162666666666668,0.08373333333333334,0.49778985113208046,2533,2506,2461,0.33773333333333333,0.33413333333333334,0.32813333333333333,real,1.0,73,1.0,0.7,25.0,1.3
v2x_hotspot_hard,none,postmove_exact,15,-99.32497554690423,37.24631904913518,0.08244342225201585,0.445833983700334,148.5868102252631,149.0326442089634,0.9783999999999999,0.021600000000000008,0.15883333333333335,5953,300,1247,0.7937333333333333,0.04,0.16626666666666667,real,1.0,1,1.0,0.7,25.0,2.3
v2x_hotspot_hard,none,current_exact,15,-102.34596310854702,36.47682780335468,0.08261862808424594,0.4463471056444128,148.5868102252631,149.0331573309075,0.9769333333333332,0.023066666666666676,0.15833333333333333,5957,313,1230,0.7942666666666667,0.04173333333333333,0.164,real,1.0,1,1.0,0.7,25.0,2.0
v2x_hotspot_hard,none,predict_tea,15,-102.34446393175313,36.475769702897594,0.08261560468554908,0.44647233118962665,148.5868102252631,149.03328255645272,0.9769333333333332,0.023066666666666676,0.15830000000000002,5957,314,1229,0.7942666666666667,0.04186666666666667,0.16386666666666666,real,1.0,1,1.0,0.7,25.0,2.1
v2x_hotspot_hard,none,follow_tea,15,-114.12165762610462,40.02626769100958,0.08227454839471389,0.4280899024658314,148.08241105167752,148.51050095414337,0.9709333333333333,0.029066666666666675,0.16166666666666665,5936,357,1207,0.7914666666666667,0.0476,0.16093333333333334,real,1.0,1,1.0,0.7,25.0,2.2
v2x_hotspot_hard,none,pmeo_e,15,-161.84396798443512,66.53741767937743,0.09325161598745228,0.43159990709051016,85.08333333333333,85.51493324042384,0.9466666666666665,0.05333333333333335,0.15973333333333334,5919,603,978,0.7892,0.0804,0.1304,real,1.0,1,1.0,0.7,25.0,3.6
v2x_hotspot_hard,none,random,15,-386.92907965075176,151.16438498965485,0.1827796613305286,1.5693083858917052,145.82318146898194,147.39248985487365,0.8595999999999999,0.14040000000000002,0.49533999825505437,2471,2478,2551,0.3294666666666667,0.3304,0.34013333333333334,real,1.0,1,1.0,0.7,25.0,1.3
v2x_hotspot_hard,none,postmove_exact,15,-87.1124619275159,34.80111789484217,0.07629926873321255,0.4348854725082756,147.86005680325508,148.29494227576333,0.9829333333333334,0.01706666666666667,0.14833333333333334,6027,267,1206,0.8036,0.0356,0.1608,real,1.0,7,1.0,0.7,25.0,2.0
v2x_hotspot_hard,none,current_exact,15,-89.59801564307735,33.83361103603622,0.07646979119340205,0.43781032717504104,147.86005680325508,148.2978671304301,0.9817333333333333,0.01826666666666667,0.1476,6030,283,1187,0.804,0.037733333333333334,0.15826666666666667,real,1.0,7,1.0,0.7,25.0,2.1
v2x_hotspot_hard,none,predict_tea,15,-89.5967803438468,33.83158685553485,0.07646723821072589,0.43822224825052086,147.86005680325508,148.2982790515056,0.9817333333333333,0.01826666666666667,0.14753333333333335,6030,284,1186,0.804,0.037866666666666667,0.15813333333333332,real,1.0,7,1.0,0.7,25.0,2.3
v2x_hotspot_hard,none,follow_tea,15,-97.32463246760655,36.75099910144981,0.07561131259428601,0.4191383247229269,149.4372900465793,149.85642837130217,0.9777333333333333,0.022266666666666667,0.15150000000000002,6016,305,1179,0.8021333333333334,0.04066666666666666,0.1572,real,1.0,7,1.0,0.7,25.0,2.2
v2x_hotspot_hard,none,pmeo_e,15,-135.01712800799527,61.81314413239603,0.0865474978963723,0.43379059809135967,85.0,85.43379059809135,0.9584,0.041600000000000005,0.14813333333333334,6000,528,972,0.8,0.0704,0.1296,real,1.0,7,1.0,0.7,25.0,3.3
v2x_hotspot_hard,none,random,15,-348.54988767920446,129.49821085106717,0.16368836742965032,1.4037872033925134,145.65325244040093,147.05703964379344,0.8740000000000001,0.12599999999999997,0.5033829501045058,2448,2514,2538,0.3264,0.3352,0.3384,real,1.0,7,1.0,0.7,25.0,1.4
v2x_hotspot_hard,none,postmove_exact,15,-108.22746609024448,42.51732572853623,0.08322221078369901,0.4205918849834038,148.40968176563283,148.8302736506162,0.9741333333333333,0.025866666666666666,0.16303333333333336,5920,353,1227,0.7893333333333333,0.047066666666666666,0.1636,real,1.0,42,1.0,0.7,25.0,2.2
v2x_hotspot_hard,none,current_exact,15,-111.01122373086704,43.475880791700966,0.08345686439904042,0.418233547835648,148.40968176563283,148.82791531346845,0.9728,0.027200000000000002,0.16263333333333332,5926,357,1217,0.7901333333333334,0.0476,0.16226666666666667,real,1.0,42,1.0,0.7,25.0,2.2
v2x_hotspot_hard,none,predict_tea,15,-111.01122373086704,43.475880791700966,0.08345686439904042,0.418233547835648,148.40968176563283,148.82791531346845,0.9728,0.027200000000000002,0.16263333333333332,5926,357,1217,0.7901333333333334,0.0476,0.16226666666666667,real,1.0,42,1.0,0.7,25.0,2.3
v2x_hotspot_hard,none,follow_tea,15,-115.6425802231946,45.41955784604634,0.08246853298699455,0.4062119604032368,149.01025866990358,149.4164706303068,0.9702666666666667,0.029733333333333337,0.1650333333333333,5916,381,1203,0.7888,0.0508,0.1604,real,1.0,42,1.0,0.7,25.0,2.2
v2x_hotspot_hard,none,pmeo_e,15,-153.9878697752997,66.28734388281816,0.09252794846768042,0.4371327765178472,84.80182263807689,85.23895541459474,0.9503999999999999,0.049600000000000005,0.16193333333333335,5904,568,1028,0.7872,0.07573333333333333,0.13706666666666667,real,1.0,42,1.0,0.7,25.0,3.6
v2x_hotspot_hard,none,random,15,-378.0832684037023,145.92304012072535,0.17651127777868827,1.5893332591231304,144.6869618844571,146.27629514358023,0.8623999999999999,0.1376,0.4944514299539968,2494,2548,2458,0.33253333333333335,0.33973333333333333,0.3277333333333333,real,1.0,42,1.0,0.7,25.0,1.2
v2x_hotspot_hard,none,postmove_exact,15,-73.8667954912219,32.48089289006233,0.06318825435753546,0.36063344249791646,147.69938301537704,148.06001645787495,0.9862666666666667,0.013733333333333335,0.12453333333333333,6245,271,984,0.8326666666666667,0.03613333333333334,0.1312,real,1.0,2024,1.0,0.7,25.0,2.1
v2x_hotspot_hard,none,current_exact,15,-76.32084042106743,32.018902176522836,0.06329575055909599,0.3636017331505048,147.69938301537704,148.06298474852755,0.9850666666666666,0.014933333333333335,0.12376666666666666,6249,279,972,0.8332,0.0372,0.1296,real,1.0,2024,1.0,0.7,25.0,2.0
v2x_hotspot_hard,none,predict_tea,15,-76.32096778684236,32.01899555988587,0.06329591779594869,0.3640392066363906,147.69938301537704,148.06342222201346,0.9850666666666666,0.014933333333333335,0.12373333333333332,6249,279,972,0.8332,0.0372,0.1296,real,1.0,2024,1.0,0.7,25.0,2.4
v2x_hotspot_hard,none,follow_tea,15,-77.53536559396171,30.730977183875915,0.06173772791188182,0.3493392947041169,146.31567708550412,146.66501638020827,0.9840000000000001,0.016000000000000004,0.12760000000000002,6241,237,1022,0.8321333333333333,0.0316,0.13626666666666667,real,1.0,2024,1.0,0.7,25.0,2.2
v2x_hotspot_hard,none,pmeo_e,15,-113.70373783206769,61.90420053686748,0.07081992346880843,0.35442764330192994,83.91666666666667,84.2710943099686,0.9650666666666666,0.03493333333333334,0.12586666666666665,6234,444,822,0.8312,0.0592,0.1096,real,1.0,2024,1.0,0.7,25.0,3.1
v2x_hotspot_hard,none,random,15,-286.69264368888537,140.19269178469958,0.13874977563346616,1.1781406060374844,145.332751448819,146.51089205485647,0.8986666666666666,0.10133333333333333,0.49889037542627773,2476,2437,2587,0.33013333333333333,0.32493333333333335,0.3449333333333333,real,1.0,2024,1.0,0.7,25.0,1.2
v2x_hotspot_hard,none,postmove_exact,15,-107.51923285887172,39.87310905320884,0.0880904516775869,0.4778350898854428,148.9289017775641,149.40673686744955,0.9757333333333335,0.024266666666666672,0.17286666666666667,5828,327,1345,0.7770666666666667,0.0436,0.17933333333333334,real,1.0,12345,1.0,0.7,25.0,2.3
v2x_hotspot_hard,none,current_exact,15,-109.21329497156992,40.3046465019445,0.0882790204648927,0.4756122803381871,148.9289017775641,149.40451405790228,0.9749333333333333,0.025066666666666675,0.1724,5832,337,1331,0.7776,0.04493333333333333,0.17746666666666666,real,1.0,12345,1.0,0.7,25.0,2.2
v2x_hotspot_hard,none,predict_tea,15,-109.21319998777771,40.304715608392755,0.08827874695361847,0.47602999878718666,148.9289017775641,149.40493177635128,0.9749333333333333,0.025066666666666675,0.17236666666666664,5832,337,1331,0.7776,0.04493333333333333,0.17746666666666666,real,1.0,12345,1.0,0.7,25.0,2.4
v2x_hotspot_hard,none,follow_tea,15,-113.87734113611359,41.77273574564183,0.08765098345232203,0.46720153338940545,148.05129256613645,148.51849409952584,0.9724,0.027600000000000006,0.1749666666666666,5823,348,1329,0.7764,0.0464,0.1772,real,1.0,12345,1.0,0.7,25.0,2.3
v2x_hotspot_hard,none,pmeo_e,15,-173.638163031417,74.97449827380015,0.10036888077038807,0.45389312889514777,84.75,85.20389312889515,0.9425333333333333,0.05746666666666667,0.17459999999999998,5813,606,1081,0.7750666666666667,0.0808,0.14413333333333334,real,1.0,12345,1.0,0.7,25.0,3.6
v2x_hotspot_hard,none,random,15,-422.39745656121744,148.44284650311306,0.19726613949542582,1.7194880736977134,145.2577133946825,146.9772014683802,0.8454666666666667,0.15453333333333333,0.4936985982734972,2524,2503,2473,0.33653333333333335,0.3337333333333333,0.3297333333333333,real,1.0,12345,1.0,0.7,25.0,1.2
v2x_hotspot_hard,none,postmove_exact,15,-92.5674126745785,56.06188408014722,0.07752389940226338,0.41463847131404624,148.30665792982091,148.72129640113494,0.9805333333333334,0.01946666666666667,0.15276666666666666,6013,291,1196,0.8017333333333333,0.0388,0.15946666666666667,real,1.0,999,1.0,0.7,25.0,2.2
v2x_hotspot_hard,none,current_exact,15,-93.67926134996115,57.13109078121245,0.0776137351139534,0.4172800000236495,148.30665792982091,148.72393792984454,0.9799999999999999,0.020000000000000004,0.15226666666666666,6014,296,1190,0.8018666666666666,0.039466666666666664,0.15866666666666668,real,1.0,999,1.0,0.7,25.0,2.1
v2x_hotspot_hard,none,predict_tea,15,-93.67903651365432,57.13067028887529,0.07761323136330711,0.41755039018669743,148.30665792982091,148.7242083200076,0.9799999999999999,0.020000000000000004,0.1522333333333333,6014,296,1190,0.8018666666666666,0.039466666666666664,0.15866666666666668,real,1.0,999,1.0,0.7,25.0,2.2
v2x_hotspot_hard,none,follow_tea,15,-99.05130251017437,58.31630017069201,0.07677819152283684,0.4070814371721739,147.5483193837208,147.95540082089295,0.9770666666666667,0.02293333333333334,0.1546,6002,316,1182,0.8002666666666667,0.042133333333333335,0.1576,real,1.0,999,1.0,0.7,25.0,2.4
v2x_hotspot_hard,none,pmeo_e,15,-157.31447915022372,123.99505450625682,0.08821649538253501,0.3956479228955052,83.66666666666667,84.06231458956219,0.9476,0.052400000000000016,0.1541,5994,600,906,0.7992,0.08,0.1208,real,1.0,999,1.0,0.7,25.0,3.4
v2x_hotspot_hard,none,random,15,-356.12820669769843,219.15536578105753,0.165663464557507,1.4346317945647948,144.86344572821827,146.29807752278302,0.8706666666666667,0.12933333333333336,0.49776168682579747,2498,2504,2498,0.3330666666666667,0.33386666666666664,0.3330666666666667,real,1.0,999,1.0,0.7,25.0,1.3
v2x_hotspot_hard,none,postmove_exact,15,-73.58882893405531,22.758643067598623,0.06536031580285748,0.37746888922926664,147.37590810370327,147.75337699293252,0.9869333333333331,0.013066666666666667,0.1294,6199,248,1053,0.8265333333333333,0.03306666666666667,0.1404,real,1.0,314,1.0,0.7,25.0,2.0
v2x_hotspot_hard,none,current_exact,15,-76.04403526788052,26.11926251976202,0.0654698721256377,0.38175061358012685,147.37590810370327,147.75765871728342,0.9857333333333332,0.014266666666666669,0.12856666666666666,6202,257,1041,0.8269333333333333,0.03426666666666667,0.1388,real,1.0,314,1.0,0.7,25.0,2.2
v2x_hotspot_hard,none,predict_tea,15,-76.04403526788052,26.11926251976202,0.0654698721256377,0.38175061358012685,147.37590810370327,147.75765871728342,0.9857333333333332,0.014266666666666669,0.12856666666666666,6202,257,1041,0.8269333333333333,0.03426666666666667,0.1388,real,1.0,314,1.0,0.7,25.0,2.2
v2x_hotspot_hard,none,follow_tea,15,-82.48041800111083,28.9306856326993,0.06472405640620947,0.3682219265000744,148.81567605356108,149.18389798006112,0.9823999999999999,0.017600000000000005,0.13196666666666665,6188,257,1055,0.8250666666666666,0.03426666666666667,0.14066666666666666,real,1.0,314,1.0,0.7,25.0,2.1
v2x_hotspot_hard,none,pmeo_e,15,-115.02708198035495,44.75000638551198,0.07391239574338093,0.3755077533112923,84.33333333333333,84.70884108664464,0.9651999999999998,0.03480000000000001,0.12966666666666668,6175,464,861,0.8233333333333334,0.06186666666666667,0.1148,real,1.0,314,1.0,0.7,25.0,3.1
v2x_hotspot_hard,none,random,15,-295.92429764701507,76.88392293847853,0.14092374129689983,1.1597009217369831,146.79790239724798,147.95760331898492,0.8946666666666668,0.1053333333333333,0.49502954638246344,2517,2476,2507,0.3356,0.33013333333333333,0.33426666666666666,real,1.0,314,1.0,0.7,25.0,2.2
v2x_hotspot_hard,none,postmove_exact,15,-130.50046491981084,69.83591707812741,0.10437475163946328,0.5354501649209618,147.92877416920436,148.46422433412533,0.9682666666666667,0.031733333333333336,0.20526666666666663,5562,369,1569,0.7416,0.0492,0.2092,real,1.0,555,1.0,0.7,25.0,2.2
v2x_hotspot_hard,none,current_exact,15,-132.43996836602554,69.08217093615308,0.10451970746777874,0.539038818823913,147.92877416920436,148.46781298802827,0.9673333333333333,0.03266666666666667,0.20436666666666667,5563,376,1561,0.7417333333333334,0.050133333333333335,0.20813333333333334,real,1.0,555,1.0,0.7,25.0,2.1
v2x_hotspot_hard,none,predict_tea,15,-132.44028599923627,69.08153444165866,0.10452010739767602,0.5402155014447038,147.92877416920436,148.46898967064908,0.9673333333333333,0.03266666666666667,0.20426666666666668,5563,376,1561,0.7417333333333334,0.050133333333333335,0.20813333333333334,real,1.0,555,1.0,0.7,25.0,2.2
v2x_hotspot_hard,none,follow_tea,15,-135.0077419646342,67.3706171501238,0.10379309761538993,0.526167094731954,147.91909780799352,148.44526490272543,0.9658666666666668,0.034133333333333335,0.207,5557,378,1565,0.7409333333333333,0.0504,0.20866666666666667,real,1.0,555,1.0,0.7,25.0,2.1
v2x_hotspot_hard,none,pmeo_e,15,-214.56853764628306,120.89222995040785,0.11968200165498817,0.5253681878899729,85.41666666666667,85.94203485455664,0.9269333333333332,0.07306666666666667,0.20526666666666668,5546,726,1228,0.7394666666666667,0.0968,0.16373333333333334,real,1.0,555,1.0,0.7,25.0,4.3
v2x_hotspot_hard,none,random,15,-498.6851838019846,258.1016862128248,0.2308396491678411,2.013006240736366,145.3072526065716,147.320258847308,0.8157333333333331,0.18426666666666666,0.50187984642543,2454,2489,2557,0.3272,0.33186666666666664,0.3409333333333333,real,1.0,555,1.0,0.7,25.0,1.3
v2x_hotspot_hard,none,postmove_exact,15,-95.59565443061068,56.69998265362284,0.07801450844648808,0.41558631123267664,146.80174909576695,147.21733540699958,0.9790666666666666,0.02093333333333334,0.1474333333333333,6044,342,1114,0.8058666666666666,0.0456,0.14853333333333332,real,1.0,888,1.0,0.7,25.0,2.0
v2x_hotspot_hard,none,current_exact,15,-96.7113342125656,56.76331674556623,0.07811150040905064,0.4207576513024035,146.80174909576695,147.22250674706933,0.9785333333333333,0.021466666666666672,0.147,6048,315,1137,0.8064,0.042,0.1516,real,1.0,888,1.0,0.7,25.0,2.0
v2x_hotspot_hard,none,predict_tea,15,-96.7113342125656,56.76331674556623,0.07811150040905064,0.4207576513024035,146.80174909576695,147.22250674706933,0.9785333333333333,0.021466666666666672,0.147,6048,315,1137,0.8064,0.042,0.1516,real,1.0,888,1.0,0.7,25.0,2.3
v2x_hotspot_hard,none,follow_tea,15,-102.76451891044847,59.16351840309327,0.07706531190177898,0.40019292365635784,145.91843667193342,146.3186295955898,0.9751999999999998,0.024800000000000003,0.1505,6039,341,1120,0.8052,0.04546666666666667,0.14933333333333335,real,1.0,888,1.0,0.7,25.0,2.2
v2x_hotspot_hard,none,pmeo_e,15,-149.96957584659657,105.31023197754361,0.08624286939904909,0.3980781373863284,84.08333333333333,84.48141147071966,0.9507999999999998,0.04920000000000001,0.14933333333333332,6029,550,921,0.8038666666666666,0.07333333333333333,0.1228,real,1.0,888,1.0,0.7,25.0,3.3
v2x_hotspot_hard,none,random,15,-366.46845178700454,241.91366201428403,0.17282989011373084,1.482209484525778,145.71952448353278,147.2017339680585,0.8673333333333333,0.13266666666666665,0.5004725903427157,2502,2535,2463,0.3336,0.338,0.3284,real,1.0,888,1.0,0.7,25.0,1.2
v2x_hotspot_hard,none,postmove_exact,15,-91.05994846159781,40.716284147539724,0.07076428983849377,0.3990174999344761,148.37901792357496,148.7780354235094,0.9796,0.020400000000000005,0.12076666666666666,6249,341,910,0.8332,0.04546666666666667,0.12133333333333333,real,1.5,73,1.5,1.05,25.0,2.0
v2x_hotspot_hard,none,current_exact,15,-96.01491744399648,43.13113007825548,0.07107562372093645,0.3920379117077947,148.37901792357496,148.7710558352828,0.9772000000000001,0.022800000000000004,0.12090000000000001,6253,359,888,0.8337333333333333,0.04786666666666667,0.1184,real,1.5,73,1.5,1.05,25.0,2.0
v2x_hotspot_hard,none,predict_tea,15,-96.01444687441803,43.13018961614479,0.07107459524976822,0.3924745717643984,148.37901792357496,148.7714924953394,0.9772000000000001,0.022800000000000004,0.12086666666666666,6253,359,888,0.8337333333333333,0.04786666666666667,0.1184,real,1.5,73,1.5,1.05,25.0,2.1
v2x_hotspot_hard,none,follow_tea,15,-103.89360523957916,47.04053263387114,0.0692986397304571,0.36734943394524533,148.07550430956096,148.44285374350628,0.9727999999999999,0.027200000000000002,0.1261,6222,382,896,0.8296,0.05093333333333333,0.11946666666666667,real,1.5,73,1.5,1.05,25.0,2.1
v2x_hotspot_hard,none,pmeo_e,15,-163.37279781461274,92.4521558358676,0.08054798445582563,0.32138920033235546,84.0,84.32138920033233,0.9426666666666665,0.05733333333333335,0.12733333333333333,6221,649,630,0.8294666666666667,0.08653333333333334,0.084,real,1.5,73,1.5,1.05,25.0,3.1
v2x_hotspot_hard,none,random,15,-313.3683872157098,156.67002841523464,0.1386814331903694,1.1372906215101792,145.80608225040754,146.94337287191772,0.8853333333333333,0.11466666666666668,0.49778985113208046,2533,2506,2461,0.33773333333333333,0.33413333333333334,0.32813333333333333,real,1.5,73,1.5,1.05,25.0,1.2
v2x_hotspot_hard,none,postmove_exact,15,-130.00759341747067,55.70850219811544,0.09995826551487005,0.5244730685513973,149.09346686513842,149.61793993368985,0.9674666666666666,0.032533333333333345,0.17386666666666664,5814,389,1297,0.7752,0.051866666666666665,0.17293333333333333,real,1.5,1,1.5,1.05,25.0,2.2
v2x_hotspot_hard,none,current_exact,15,-138.9538304763788,56.26152419519014,0.10025184697091062,0.5189363774295356,149.09346686513842,149.61240324256798,0.9630666666666666,0.03693333333333334,0.17373333333333332,5826,404,1270,0.7768,0.05386666666666667,0.16933333333333334,real,1.5,1,1.5,1.05,25.0,2.0
v2x_hotspot_hard,none,predict_tea,15,-138.9538304763788,56.26152419519014,0.10025184697091062,0.5189363774295356,149.09346686513842,149.61240324256798,0.9630666666666666,0.03693333333333334,0.17373333333333332,5826,404,1270,0.7768,0.05386666666666667,0.16933333333333334,real,1.5,1,1.5,1.05,25.0,2.3
v2x_hotspot_hard,none,follow_tea,15,-149.9896513151321,51.788209033265375,0.09986731574787955,0.49717961162082075,149.39608813363597,149.89326774525676,0.9574666666666665,0.04253333333333334,0.17609999999999998,5796,490,1214,0.7728,0.06533333333333333,0.16186666666666666,real,1.5,1,1.5,1.05,25.0,2.1
v2x_hotspot_hard,none,pmeo_e,15,-292.4586766482364,177.16469883676638,0.12148881820271154,0.36400041988977017,84.77867504891597,85.14267546880572,0.8884000000000001,0.11159999999999999,0.18173333333333333,5788,1074,638,0.7717333333333334,0.1432,0.08506666666666667,real,1.5,1,1.5,1.05,25.0,3.6
v2x_hotspot_hard,none,random,15,-470.4935221715477,215.7103071934677,0.21013909501515277,1.7498985040649555,145.82318146898194,147.5730799730469,0.8246666666666667,0.1753333333333333,0.49533999825505437,2471,2478,2551,0.3294666666666667,0.3304,0.34013333333333334,real,1.5,1,1.5,1.05,25.0,1.2
v2x_hotspot_hard,none,postmove_exact,15,-113.65349290252557,34.265775660280426,0.09493393329234051,0.5289806712205605,149.33628189233266,149.86526256355322,0.9743999999999999,0.025600000000000005,0.1642,5863,365,1272,0.7817333333333333,0.048666666666666664,0.1696,real,1.5,7,1.5,1.05,25.0,2.1
v2x_hotspot_hard,none,current_exact,15,-121.81458726369947,33.216999952974994,0.09525716251144406,0.5237781874417863,149.33628189233266,149.86006007977448,0.9704,0.029600000000000008,0.16389999999999996,5871,378,1251,0.7828,0.0504,0.1668,real,1.5,7,1.5,1.05,25.0,2.0
v2x_hotspot_hard,none,predict_tea,15,-121.81458726369947,33.216999952974994,0.09525716251144406,0.5237781874417863,149.33628189233266,149.86006007977448,0.9704,0.029600000000000008,0.16389999999999996,5871,378,1251,0.7828,0.0504,0.1668,real,1.5,7,1.5,1.05,25.0,2.1
v2x_hotspot_hard,none,follow_tea,15,-135.30965277453114,37.07570527761112,0.09452996979483187,0.5017660765059747,149.2782460279796,149.7800121044856,0.9634666666666668,0.036533333333333334,0.16666666666666666,5844,473,1183,0.7792,0.06306666666666666,0.15773333333333334,real,1.5,7,1.5,1.05,25.0,2.2
v2x_hotspot_hard,none,pmeo_e,15,-242.35115382723674,103.9408685092235,0.11339698583033006,0.4146007384665903,85.44534171558263,85.8599424540492,0.9114666666666668,0.08853333333333331,0.16999999999999998,5842,923,735,0.7789333333333334,0.12306666666666667,0.098,real,1.5,7,1.5,1.05,25.0,3.6
v2x_hotspot_hard,none,random,15,-440.0282505130252,147.19396425035748,0.19460476734164364,1.6054159816324696,145.6532524404009,147.25866842203337,0.8359999999999999,0.164,0.5033829501045058,2448,2514,2538,0.3264,0.3352,0.3384,real,1.5,7,1.5,1.05,25.0,1.3
v2x_hotspot_hard,none,postmove_exact,15,-138.19072573971627,46.64915292247174,0.10355327810114914,0.5298800552903413,148.94432016945993,149.47420022475026,0.9642666666666667,0.03573333333333333,0.18186666666666665,5734,441,1325,0.7645333333333333,0.0588,0.17666666666666667,real,1.5,42,1.5,1.05,25.0,2.3
v2x_hotspot_hard,none,current_exact,15,-146.06268376312445,47.40369467906245,0.10383304532070185,0.517290858275205,148.94432016945993,149.46161102773513,0.9604,0.0396,0.18243333333333334,5744,459,1297,0.7658666666666667,0.0612,0.17293333333333333,real,1.5,42,1.5,1.05,25.0,2.1
v2x_hotspot_hard,none,predict_tea,15,-146.06441665751422,47.40394720525622,0.10383644228884678,0.5176349614482638,148.94432016945993,149.4619551309082,0.9604,0.0396,0.1824,5744,459,1297,0.7658666666666667,0.0612,0.17293333333333333,real,1.5,42,1.5,1.05,25.0,2.2
v2x_hotspot_hard,none,follow_tea,15,-151.4982898688199,54.48274907522214,0.10241025887082414,0.5024701576320192,149.09580084311312,149.5982710007452,0.9573333333333333,0.04266666666666667,0.18480000000000002,5731,465,1304,0.7641333333333333,0.062,0.17386666666666667,real,1.5,42,1.5,1.05,25.0,2.1
v2x_hotspot_hard,none,pmeo_e,15,-268.5151774072824,126.21563094753361,0.12187860526567106,0.4254144111350665,86.0,86.42541441113507,0.9005333333333332,0.09946666666666666,0.18756666666666666,5696,979,825,0.7594666666666666,0.13053333333333333,0.11,real,1.5,42,1.5,1.05,25.0,3.6
v2x_hotspot_hard,none,random,15,-486.8586737735758,172.85252535268768,0.21107750237378745,1.845597315697055,144.6869618844571,146.5325592001542,0.8166666666666665,0.1833333333333333,0.4944514299539968,2494,2548,2458,0.33253333333333335,0.33973333333333333,0.3277333333333333,real,1.5,42,1.5,1.05,25.0,1.2
v2x_hotspot_hard,none,postmove_exact,15,-108.44061060693129,38.49462321651541,0.08316241203963817,0.45786240722036264,148.13618346390186,148.5940458711222,0.9740000000000001,0.026000000000000002,0.144,6065,348,1087,0.8086666666666666,0.0464,0.14493333333333333,real,1.5,2024,1.5,1.05,25.0,2.2
v2x_hotspot_hard,none,current_exact,15,-111.71606750413126,40.04892737529236,0.08331305921319962,0.4591955114130897,148.13618346390186,148.59537897531496,0.9724000000000002,0.027600000000000003,0.1434666666666667,6069,357,1074,0.8092,0.0476,0.1432,real,1.5,2024,1.5,1.05,25.0,2.0
v2x_hotspot_hard,none,predict_tea,15,-111.71833969485641,40.045122661145136,0.08331757010308226,0.4593629692511772,148.13618346390186,148.59554643315306,0.9724000000000002,0.027600000000000003,0.14343333333333333,6069,357,1074,0.8092,0.0476,0.1432,real,1.5,2024,1.5,1.05,25.0,2.2
v2x_hotspot_hard,none,follow_tea,15,-118.79656637887561,38.18438312213432,0.0818951130439603,0.43042632192359487,148.72633891369773,149.1567652356213,0.9685333333333334,0.03146666666666667,0.14769999999999997,6044,402,1054,0.8058666666666666,0.0536,0.14053333333333334,real,1.5,2024,1.5,1.05,25.0,2.1
v2x_hotspot_hard,none,pmeo_e,15,-233.31392592068377,121.76898294695782,0.10001263681148892,0.3260751493928005,83.41666666666667,83.74274181605946,0.9125333333333333,0.08746666666666665,0.15193333333333336,6028,868,604,0.8037333333333333,0.11573333333333333,0.08053333333333333,real,1.5,2024,1.5,1.05,25.0,3.2
v2x_hotspot_hard,none,random,15,-380.354652196621,164.67198386636395,0.1644219813911838,1.4371968948056428,145.332751448819,146.76994834362463,0.8582666666666666,0.1417333333333333,0.49889037542627773,2476,2437,2587,0.33013333333333333,0.32493333333333335,0.3449333333333333,real,1.5,2024,1.5,1.05,25.0,1.2
v2x_hotspot_hard,none,postmove_exact,15,-132.84506165725745,44.0490861005674,0.10673048919645459,0.5742522406771172,148.890585016291,149.4648372569681,0.9677333333333334,0.03226666666666668,0.18756666666666666,5668,418,1414,0.7557333333333334,0.055733333333333336,0.18853333333333333,real,1.5,12345,1.5,1.05,25.0,2.2
v2x_hotspot_hard,none,current_exact,15,-139.9290184164917,46.594433302250295,0.10703330270130297,0.5664189754444685,148.890585016291,149.4570039917355,0.9642666666666668,0.035733333333333346,0.1875,5672,440,1388,0.7562666666666666,0.058666666666666666,0.18506666666666666,real,1.5,12345,1.5,1.05,25.0,2.1
v2x_hotspot_hard,none,predict_tea,15,-139.93010458324315,46.59223404123362,0.1070353771464668,0.5669084171399209,148.890585016291,149.45749343343095,0.9642666666666668,0.035733333333333346,0.1874666666666667,5672,439,1389,0.7562666666666666,0.05853333333333333,0.1852,real,1.5,12345,1.5,1.05,25.0,2.2
v2x_hotspot_hard,none,follow_tea,15,-155.70295588484092,45.72399761306304,0.1061084039349864,0.5283818062118402,148.62582403393208,149.15420584014393,0.9561333333333333,0.04386666666666668,0.19266666666666665,5650,487,1363,0.7533333333333333,0.06493333333333333,0.18173333333333333,real,1.5,12345,1.5,1.05,25.0,2.2
v2x_hotspot_hard,none,pmeo_e,15,-288.5754258736144,118.28120160349657,0.12660131032401506,0.41437378273738595,84.33333333333333,84.74770711607074,0.8916000000000001,0.10840000000000001,0.19736666666666663,5628,1039,833,0.7504,0.13853333333333334,0.11106666666666666,real,1.5,12345,1.5,1.05,25.0,3.6
v2x_hotspot_hard,none,random,15,-505.99563346366716,186.7181116443174,0.2273503672192417,1.9467851457800458,145.2577133946825,147.20449854046257,0.8111999999999999,0.18880000000000005,0.4936985982734972,2524,2503,2473,0.33653333333333335,0.3337333333333333,0.3297333333333333,real,1.5,12345,1.5,1.05,25.0,1.2
v2x_hotspot_hard,none,postmove_exact,15,-111.75906136880218,58.73230586282671,0.0911886546375965,0.5129530708448169,149.1343874291946,149.64734050003943,0.9743999999999999,0.025600000000000005,0.1581333333333333,5929,346,1225,0.7905333333333333,0.04613333333333333,0.16333333333333333,real,1.5,999,1.5,1.05,25.0,2.1
v2x_hotspot_hard,none,current_exact,15,-116.66042224905961,60.46314346058555,0.09139356917443281,0.501989189237439,149.1343874291946,149.6363766184321,0.9720000000000001,0.028000000000000008,0.1585,5934,357,1209,0.7912,0.0476,0.1612,real,1.5,999,1.5,1.05,25.0,2.0
v2x_hotspot_hard,none,predict_tea,15,-116.66042548839037,60.4631406514534,0.09139353637184434,0.5021855954873201,149.1343874291946,149.63657302468195,0.9720000000000001,0.028000000000000008,0.15846666666666667,5934,358,1208,0.7912,0.047733333333333336,0.16106666666666666,real,1.5,999,1.5,1.05,25.0,2.2
v2x_hotspot_hard,none,follow_tea,15,-129.9976749524623,53.68337485248416,0.09086506557462921,0.4750044702148641,149.17641718126208,149.65142165147694,0.9652000000000001,0.03480000000000001,0.16206666666666666,5909,435,1156,0.7878666666666667,0.058,0.15413333333333334,real,1.5,999,1.5,1.05,25.0,2.1
v2x_hotspot_hard,none,pmeo_e,15,-240.42683048425866,146.1602814756192,0.1081781923194744,0.37734324521350165,84.33333333333333,84.71067657854682,0.9110666666666667,0.08893333333333334,0.16686666666666666,5886,911,703,0.7848,0.12146666666666667,0.09373333333333334,real,1.5,999,1.5,1.05,25.0,3.3
v2x_hotspot_hard,none,random,15,-427.9740781474835,225.7666596753011,0.18240045173010228,1.5417437627720967,144.86344572821824,146.40518949099038,0.8389333333333332,0.1610666666666667,0.49776168682579747,2498,2504,2498,0.3330666666666667,0.33386666666666664,0.3330666666666667,real,1.5,999,1.5,1.05,25.0,1.2
v2x_hotspot_hard,none,postmove_exact,15,-98.46614671282644,37.485035932971115,0.08170123726868016,0.47129501536704854,149.01731910282962,149.48861411819672,0.9786666666666669,0.021333333333333333,0.14063333333333333,6061,348,1091,0.8081333333333334,0.0464,0.14546666666666666,real,1.5,314,1.5,1.05,25.0,2.0
v2x_hotspot_hard,none,current_exact,15,-104.9800443889835,40.453611738937596,0.08193012078544176,0.4658541931299201,149.01731910282962,149.48317329595955,0.9754666666666669,0.024533333333333338,0.1402,6075,363,1062,0.81,0.0484,0.1416,real,1.5,314,1.5,1.05,25.0,2.0
v2x_hotspot_hard,none,predict_tea,15,-104.97960290254277,40.45321303555755,0.08192913060887434,0.4663902115594644,149.01731910282962,149.48370931438907,0.9754666666666669,0.024533333333333338,0.14016666666666666,6075,363,1062,0.81,0.0484,0.1416,real,1.5,314,1.5,1.05,25.0,2.2
v2x_hotspot_hard,none,follow_tea,15,-118.31944501056363,44.25839491799201,0.08084276353447188,0.42696113061812313,149.22033796932513,149.64729909994324,0.9685333333333334,0.03146666666666667,0.14616666666666667,6041,408,1051,0.8054666666666667,0.0544,0.14013333333333333,real,1.5,314,1.5,1.05,25.0,2.1
v2x_hotspot_hard,none,pmeo_e,15,-217.99298815343937,105.07134589797666,0.09710569587971521,0.33503830407701674,83.3996971650747,83.73473546915173,0.9194666666666665,0.08053333333333335,0.15043333333333334,6025,825,650,0.8033333333333333,0.11,0.08666666666666667,real,1.5,314,1.5,1.05,25.0,3.2
v2x_hotspot_hard,none,random,15,-376.38657714418406,124.71791895329514,0.16741007069119054,1.350848921974187,146.79790239724792,148.1487513192221,0.8610666666666665,0.1389333333333333,0.49502954638246344,2517,2476,2507,0.3356,0.33013333333333333,0.33426666666666666,real,1.5,314,1.5,1.05,25.0,1.2
v2x_hotspot_hard,none,postmove_exact,15,-172.42584649545486,82.06229389945379,0.12929252991660067,0.6441358968512714,149.15167947469425,149.79581537154553,0.9536000000000001,0.04640000000000001,0.23059999999999997,5343,479,1678,0.7124,0.06386666666666667,0.22373333333333334,real,1.5,555,1.5,1.05,25.0,2.3
v2x_hotspot_hard,none,current_exact,15,-180.31994065316707,82.88363178466095,0.12961577659659032,0.6355107406913045,149.15167947469425,149.78719021538555,0.9497333333333333,0.05026666666666668,0.2308333333333333,5344,514,1642,0.7125333333333334,0.06853333333333333,0.21893333333333334,real,1.5,555,1.5,1.05,25.0,2.3
v2x_hotspot_hard,none,predict_tea,15,-180.31645696700974,82.87971077655402,0.12960876160762996,0.6357488239198564,149.15167947469425,149.7874282986141,0.9497333333333333,0.05026666666666668,0.23079999999999998,5344,515,1641,0.7125333333333334,0.06866666666666667,0.2188,real,1.5,555,1.5,1.05,25.0,2.5
v2x_hotspot_hard,none,follow_tea,15,-196.20946411075977,80.03882858285745,0.12941883391144493,0.6127790655689397,149.05435915147154,149.66713821704045,0.9417333333333334,0.05826666666666669,0.23336666666666658,5324,593,1583,0.7098666666666666,0.07906666666666666,0.21106666666666668,real,1.5,555,1.5,1.05,25.0,2.1
v2x_hotspot_hard,none,pmeo_e,15,-412.15968201050845,222.85015412709515,0.15871757671232883,0.4046280702010797,84.93764180657215,85.34226987677322,0.8378666666666665,0.16213333333333332,0.2436333333333333,5296,1450,754,0.7061333333333333,0.19333333333333333,0.10053333333333334,real,1.5,555,1.5,1.05,25.0,3.9
v2x_hotspot_hard,none,random,15,-625.9289387876356,277.3764742090651,0.2735207466945643,2.3784017969623554,145.30725260657158,147.68565440353396,0.7627999999999999,0.23719999999999997,0.50187984642543,2454,2489,2557,0.3272,0.33186666666666664,0.3409333333333333,real,1.5,555,1.5,1.05,25.0,1.2
v2x_hotspot_hard,none,postmove_exact,15,-131.57887322135767,84.20161367239895,0.09987266298896903,0.5197810406962374,149.23896956136892,149.75875060206513,0.9666666666666667,0.03333333333333333,0.16849999999999998,5858,410,1232,0.7810666666666667,0.05466666666666667,0.16426666666666667,real,1.5,888,1.5,1.05,25.0,2.1
v2x_hotspot_hard,none,current_exact,15,-137.8417925006567,88.7784064997598,0.10013351243393344,0.5113932755307076,149.23896956136892,149.7503628368996,0.9636,0.036399999999999995,0.16873333333333332,5865,416,1219,0.782,0.055466666666666664,0.16253333333333334,real,1.5,888,1.5,1.05,25.0,2.0
v2x_hotspot_hard,none,predict_tea,15,-137.8417925006567,88.7784064997598,0.10013351243393344,0.5113932755307076,149.23896956136892,149.7503628368996,0.9636,0.036399999999999995,0.16873333333333332,5865,416,1219,0.782,0.055466666666666664,0.16253333333333334,real,1.5,888,1.5,1.05,25.0,2.2
v2x_hotspot_hard,none,follow_tea,15,-150.00540174439777,89.95150606268412,0.09910507487462444,0.48137129763741787,148.0472717732177,148.52864307085514,0.9572,0.0428,0.17316666666666664,5833,472,1195,0.7777333333333334,0.06293333333333333,0.15933333333333333,real,1.5,888,1.5,1.05,25.0,2.1
v2x_hotspot_hard,none,pmeo_e,15,-289.7368807731522,221.21522714218003,0.11800545567681502,0.3415293474474405,83.0,83.34152934744745,0.8888,0.1112,0.18070000000000003,5821,1037,642,0.7761333333333333,0.13826666666666668,0.0856,real,1.5,888,1.5,1.05,25.0,3.5
v2x_hotspot_hard,none,random,15,-471.7279123264679,298.9097068895417,0.21527968445067253,1.8278431944511082,145.71952448353275,147.54736767798386,0.8253333333333335,0.17466666666666666,0.5004725903427157,2502,2535,2463,0.3336,0.338,0.3284,real,1.5,888,1.5,1.05,25.0,1.2
v2x_hotspot_hard,none,postmove_exact,15,-130.61172404463508,58.098960754554106,0.08418099400241616,0.426428059126502,148.78584237514335,149.2122704342699,0.9632,0.03680000000000001,0.12793333333333334,6211,453,836,0.8281333333333334,0.0604,0.11146666666666667,real,2.0,73,2.0,1.4,25.0,2.2
v2x_hotspot_hard,none,current_exact,15,-136.57469239149546,58.86775425838073,0.08437543461727787,0.4172417867553055,148.78584237514335,149.20308416189872,0.9602666666666667,0.03973333333333335,0.12893333333333332,6214,449,837,0.8285333333333333,0.059866666666666665,0.1116,real,2.0,73,2.0,1.4,25.0,1.9
v2x_hotspot_hard,none,predict_tea,15,-136.57469239149546,58.86775425838073,0.08437543461727787,0.4172417867553055,148.78584237514335,149.20308416189872,0.9602666666666667,0.03973333333333335,0.12893333333333332,6214,449,837,0.8285333333333333,0.059866666666666665,0.1116,real,2.0,73,2.0,1.4,25.0,2.2
v2x_hotspot_hard,none,follow_tea,15,-150.44015050870718,65.0630433999821,0.08282538001378976,0.3780140058337133,148.56325767895615,148.94127168478983,0.9529333333333333,0.04706666666666668,0.13546666666666668,6167,518,815,0.8222666666666667,0.06906666666666667,0.10866666666666666,real,2.0,73,2.0,1.4,25.0,2.1
v2x_hotspot_hard,none,pmeo_e,15,-237.70078484496815,136.01030342115325,0.09622814559971248,0.28378711778524096,82.25,82.53378711778524,0.9093333333333332,0.09066666666666667,0.14026666666666668,6176,865,459,0.8234666666666667,0.11533333333333333,0.0612,real,2.0,73,2.0,1.4,25.0,3.1
v2x_hotspot_hard,none,random,15,-369.69951222023,165.00632664215007,0.15638292783239854,1.2744007899006644,145.80608225040757,147.08048304030817,0.8615999999999998,0.13839999999999997,0.49778985113208046,2533,2506,2461,0.33773333333333333,0.33413333333333334,0.32813333333333333,real,2.0,73,2.0,1.4,25.0,1.2
v2x_hotspot_hard,none,postmove_exact,15,-169.3988747933359,69.75651505689405,0.11419448194922416,0.5722959971247222,149.11070885677938,149.6830048539041,0.9513333333333333,0.04866666666666668,0.18336666666666662,5743,539,1218,0.7657333333333334,0.07186666666666666,0.1624,real,2.0,1,2.0,1.4,25.0,2.2
v2x_hotspot_hard,none,current_exact,15,-177.80067054455176,70.87457640053596,0.11446661444909888,0.5629243432433292,149.11070885677938,149.67363320002275,0.9472,0.05280000000000002,0.18389999999999998,5743,562,1195,0.7657333333333334,0.07493333333333334,0.15933333333333333,real,2.0,1,2.0,1.4,25.0,2.2
v2x_hotspot_hard,none,predict_tea,15,-177.80067054455176,70.87457640053596,0.11446661444909888,0.5629243432433292,149.11070885677938,149.67363320002275,0.9472,0.05280000000000002,0.18389999999999998,5743,562,1195,0.7657333333333334,0.07493333333333334,0.15933333333333333,real,2.0,1,2.0,1.4,25.0,2.3
v2x_hotspot_hard,none,follow_tea,15,-199.18186571087423,72.1228109680342,0.11408619752927295,0.5166972634999252,148.87097219887715,149.38766946237703,0.9363999999999998,0.06360000000000003,0.18866666666666665,5719,635,1146,0.7625333333333333,0.08466666666666667,0.1528,real,2.0,1,2.0,1.4,25.0,2.1
v2x_hotspot_hard,none,pmeo_e,15,-371.24421878112923,210.16873450583475,0.13920686483038602,0.32453032602888826,82.75,83.07453032602889,0.853333333333333,0.14666666666666664,0.19980000000000003,5732,1275,493,0.7642666666666666,0.17,0.06573333333333334,real,2.0,1,2.0,1.4,25.0,3.7
v2x_hotspot_hard,none,random,15,-534.5039865677005,219.90619074999682,0.22453649768650039,1.8675291088542585,145.82318146898197,147.69071057783626,0.7962666666666666,0.20373333333333338,0.49533999825505437,2471,2478,2551,0.3294666666666667,0.3304,0.34013333333333334,real,2.0,1,2.0,1.4,25.0,1.3
v2x_hotspot_hard,none,postmove_exact,15,-154.6764513693384,50.23019573780659,0.11194859814538757,0.5940744765146155,149.09411515659758,149.68818963311216,0.9581333333333332,0.041866666666666656,0.17546666666666663,5758,526,1216,0.7677333333333334,0.07013333333333334,0.16213333333333332,real,2.0,7,2.0,1.4,25.0,2.2
v2x_hotspot_hard,none,current_exact,15,-166.31768288741983,56.24390550750833,0.11230063565191939,0.5795354580031156,149.09411515659758,149.6736506146007,0.9524,0.047599999999999996,0.17613333333333334,5760,568,1172,0.768,0.07573333333333333,0.15626666666666666,real,2.0,7,2.0,1.4,25.0,2.1
v2x_hotspot_hard,none,predict_tea,15,-166.31768288741983,56.24390550750833,0.11230063565191939,0.5795354580031156,149.09411515659758,149.6736506146007,0.9524,0.047599999999999996,0.17613333333333334,5760,568,1172,0.768,0.07573333333333333,0.15626666666666666,real,2.0,7,2.0,1.4,25.0,2.3
v2x_hotspot_hard,none,follow_tea,15,-176.70189000258108,56.42442773272072,0.11125061956532513,0.5539675974217252,148.87850126843028,149.43246886585194,0.9469333333333333,0.05306666666666667,0.17976666666666663,5736,596,1168,0.7648,0.07946666666666667,0.15573333333333333,real,2.0,7,2.0,1.4,25.0,2.2
v2x_hotspot_hard,none,pmeo_e,15,-328.41761109987493,139.74956378818933,0.13442386400289966,0.3901243175843904,83.66666666666667,84.05679098425107,0.8736,0.12639999999999998,0.18853333333333336,5766,1169,565,0.7688,0.15586666666666665,0.07533333333333334,real,2.0,7,2.0,1.4,25.0,3.7
v2x_hotspot_hard,none,random,15,-520.6682730325717,174.44151309931325,0.22198485775695628,1.7718557672009232,145.6532524404009,147.42510820760188,0.8025333333333332,0.19746666666666668,0.5033829501045058,2448,2514,2538,0.3264,0.3352,0.3384,real,2.0,7,2.0,1.4,25.0,1.4
v2x_hotspot_hard,none,postmove_exact,15,-186.4039226222026,62.35215116301572,0.12580449238921013,0.6118841691959578,149.07154677344582,149.6834309426418,0.9457333333333332,0.05426666666666668,0.20189999999999994,5578,584,1338,0.7437333333333334,0.07786666666666667,0.1784,real,2.0,42,2.0,1.4,25.0,2.5
v2x_hotspot_hard,none,current_exact,15,-195.37831414110576,67.53577789043935,0.12615573297408658,0.5995964338449818,149.07154677344582,149.67114320729078,0.9413333333333334,0.05866666666666667,0.20193333333333333,5586,626,1288,0.7448,0.08346666666666666,0.17173333333333332,real,2.0,42,2.0,1.4,25.0,2.5
v2x_hotspot_hard,none,predict_tea,15,-195.38108107430884,67.53612941503266,0.12616106588624026,0.6006012051079779,149.07154677344582,149.67214797855377,0.9413333333333334,0.05866666666666667,0.20186666666666667,5586,626,1288,0.7448,0.08346666666666666,0.17173333333333332,real,2.0,42,2.0,1.4,25.0,2.4
v2x_hotspot_hard,none,follow_tea,15,-204.81626793210552,60.27152948292385,0.12420582098580776,0.5719614609280161,149.2282795977555,149.8002410586835,0.9361333333333334,0.06386666666666667,0.20583333333333334,5561,642,1297,0.7414666666666667,0.0856,0.17293333333333333,real,2.0,42,2.0,1.4,25.0,2.3
v2x_hotspot_hard,none,pmeo_e,15,-387.1420743453681,164.96610807686648,0.1479615543673898,0.3629716167316229,83.25,83.61297161673161,0.8476,0.1524,0.21950000000000006,5550,1306,644,0.74,0.17413333333333333,0.08586666666666666,real,2.0,42,2.0,1.4,25.0,4.2
v2x_hotspot_hard,none,random,15,-582.0615195643616,196.22323167422928,0.2435682366728447,2.0870503949357273,144.68696188445713,146.77401227939288,0.7771999999999999,0.2228,0.4944514299539968,2494,2548,2458,0.33253333333333335,0.33973333333333333,0.3277333333333333,real,2.0,42,2.0,1.4,25.0,1.3
v2x_hotspot_hard,none,postmove_exact,15,-137.46985621842188,51.87372078496588,0.09355232019913914,0.4805363716238028,149.12309148356601,149.60362785518979,0.9621333333333334,0.03786666666666667,0.14833333333333334,6047,439,1014,0.8062666666666667,0.05853333333333333,0.1352,real,2.0,2024,2.0,1.4,25.0,2.4
v2x_hotspot_hard,none,current_exact,15,-143.98745862643247,56.28382768599612,0.09378941364416672,0.47109322659189384,149.12309148356601,149.59418471015792,0.9589333333333333,0.041066666666666675,0.14893333333333333,6045,471,984,0.806,0.0628,0.1312,real,2.0,2024,2.0,1.4,25.0,2.3
v2x_hotspot_hard,none,predict_tea,15,-143.98633788931934,56.28355339866208,0.09378709571144647,0.47147551906172686,149.12309148356601,149.59456700262774,0.9589333333333333,0.041066666666666675,0.14889999999999998,6045,471,984,0.806,0.0628,0.1312,real,2.0,2024,2.0,1.4,25.0,2.3
v2x_hotspot_hard,none,follow_tea,15,-155.12959121290834,51.51971986378468,0.09315130023304453,0.4446125961477659,149.094798367713,149.5394109638608,0.9532,0.046800000000000015,0.1527333333333333,6023,499,978,0.8030666666666667,0.06653333333333333,0.1304,real,2.0,2024,2.0,1.4,25.0,2.3
v2x_hotspot_hard,none,pmeo_e,15,-290.39982163868376,158.3602461524123,0.11149217791156296,0.28732682902366213,82.25,82.53732682902367,0.8867999999999999,0.1132,0.16153333333333333,6015,1023,462,0.802,0.1364,0.0616,real,2.0,2024,2.0,1.4,25.0,3.4
v2x_hotspot_hard,none,random,15,-426.23331044430716,174.44822054689885,0.17563346738110866,1.4996827553757364,145.332751448819,146.83243420419473,0.8381333333333333,0.16186666666666666,0.49889037542627773,2476,2437,2587,0.33013333333333333,0.32493333333333335,0.3449333333333333,real,2.0,2024,2.0,1.4,25.0,1.3
v2x_hotspot_hard,none,postmove_exact,15,-184.84592531390794,69.29093805520596,0.1231745776382054,0.6004670807543788,149.31923120063163,149.91969828138602,0.9458666666666667,0.05413333333333335,0.1991,5593,573,1334,0.7457333333333334,0.0764,0.17786666666666667,real,2.0,12345,2.0,1.4,25.0,2.3
v2x_hotspot_hard,none,current_exact,15,-193.78313865293998,73.72926955245762,0.12345209041788222,0.5850365726902039,149.31923120063163,149.9042677733218,0.9414666666666667,0.05853333333333333,0.1998666666666666,5592,601,1307,0.7456,0.08013333333333333,0.17426666666666665,real,2.0,12345,2.0,1.4,25.0,2.3
v2x_hotspot_hard,none,predict_tea,15,-193.78313865293998,73.72926955245762,0.12345209041788222,0.5850365726902039,149.31923120063163,149.9042677733218,0.9414666666666667,0.05853333333333333,0.1998666666666666,5592,600,1308,0.7456,0.08,0.1744,real,2.0,12345,2.0,1.4,25.0,2.2
v2x_hotspot_hard,none,follow_tea,15,-206.2987812278425,72.7436679383934,0.12240076414442563,0.5539695985390488,149.0966886244246,149.65065822296359,0.9349333333333334,0.06506666666666668,0.2042333333333333,5565,674,1261,0.742,0.08986666666666666,0.16813333333333333,real,2.0,12345,2.0,1.4,25.0,2.1
v2x_hotspot_hard,none,pmeo_e,15,-356.88626042799666,175.37905778594512,0.14232783670609256,0.3848283883263052,83.50525902784439,83.89008741617069,0.8613333333333332,0.13866666666666663,0.21470000000000003,5563,1213,724,0.7417333333333334,0.16173333333333334,0.09653333333333333,real,2.0,12345,2.0,1.4,25.0,3.8
v2x_hotspot_hard,none,random,15,-568.6433506095275,225.33293347781225,0.24808195219004633,2.0993650836943494,145.2577133946825,147.35707847837688,0.7850666666666666,0.21493333333333334,0.4936985982734972,2524,2503,2473,0.33653333333333335,0.3337333333333333,0.3297333333333333,real,2.0,12345,2.0,1.4,25.0,1.2
v2x_hotspot_hard,none,postmove_exact,15,-150.94949168291194,74.28955505858175,0.10608715157995217,0.5522258789828051,149.17359971704198,149.72582559602478,0.9585333333333333,0.04146666666666667,0.1704,5840,455,1205,0.7786666666666666,0.06066666666666667,0.16066666666666668,real,2.0,999,2.0,1.4,25.0,2.1
v2x_hotspot_hard,none,current_exact,15,-160.42258664032656,78.5563435714121,0.10636966235533768,0.5372882428682005,149.17359971704198,149.7108879599102,0.9538666666666666,0.046133333333333346,0.1709,5848,478,1174,0.7797333333333333,0.06373333333333334,0.15653333333333333,real,2.0,999,2.0,1.4,25.0,2.1
v2x_hotspot_hard,none,predict_tea,15,-160.42164753575818,78.55657826049065,0.10636775505314058,0.5374337081702347,149.17359971704198,149.71103342521226,0.9538666666666666,0.046133333333333346,0.17086666666666664,5848,479,1173,0.7797333333333333,0.06386666666666667,0.1564,real,2.0,999,2.0,1.4,25.0,2.1
v2x_hotspot_hard,none,follow_tea,15,-182.79484328460774,70.09377993694885,0.10689289682922215,0.4948394235710661,148.98910927639565,149.48394869996676,0.9428,0.05720000000000002,0.1754666666666667,5818,585,1097,0.7757333333333334,0.078,0.14626666666666666,real,2.0,999,2.0,1.4,25.0,2.2
v2x_hotspot_hard,none,pmeo_e,15,-344.18474174050993,193.54108168632214,0.127809836795634,0.2982334269283921,82.5,82.79823342692839,0.8639999999999998,0.13600000000000004,0.18960000000000002,5799,1196,505,0.7732,0.15946666666666667,0.06733333333333333,real,2.0,999,2.0,1.4,25.0,3.6
v2x_hotspot_hard,none,random,15,-491.72790660024623,239.58352940979623,0.2042768398819683,1.6980875310687054,144.8634457282183,146.56153325928696,0.8125333333333332,0.18746666666666664,0.49776168682579747,2498,2504,2498,0.3330666666666667,0.33386666666666664,0.3330666666666667,real,2.0,999,2.0,1.4,25.0,1.3
v2x_hotspot_hard,none,postmove_exact,15,-148.35528773866108,62.69908538081921,0.10150610054600065,0.5332837771312005,148.82242421280984,149.355707989941,0.9586666666666667,0.04133333333333334,0.15823333333333336,5912,517,1071,0.7882666666666667,0.06893333333333333,0.1428,real,2.0,314,2.0,1.4,25.0,2.1
v2x_hotspot_hard,none,current_exact,15,-157.30861155603728,66.08081535041457,0.10181544645852343,0.519792388278806,148.82242421280984,149.3422166010886,0.9542666666666666,0.04573333333333334,0.15853333333333333,5922,539,1039,0.7896,0.07186666666666666,0.13853333333333334,real,2.0,314,2.0,1.4,25.0,2.1
v2x_hotspot_hard,none,predict_tea,15,-157.30775472659718,66.08040276017971,0.10181365357565329,0.5201885082286852,148.82242421280984,149.3426127210385,0.9542666666666666,0.04573333333333334,0.15846666666666667,5922,540,1038,0.7896,0.072,0.1384,real,2.0,314,2.0,1.4,25.0,2.3
v2x_hotspot_hard,none,follow_tea,15,-174.72818369647638,68.96032141184479,0.10032999857041432,0.4652600112968795,149.16658410139465,149.63184411269154,0.9452,0.05480000000000001,0.1661,5882,601,1017,0.7842666666666667,0.08013333333333333,0.1356,real,2.0,314,2.0,1.4,25.0,2.1
v2x_hotspot_hard,none,pmeo_e,15,-302.9550338684133,147.74342006015266,0.11784944651323968,0.30310611793435605,82.66666666666667,82.96977278460103,0.8821333333333332,0.11786666666666665,0.17629999999999998,5900,1065,535,0.7866666666666666,0.142,0.07133333333333333,real,2.0,314,2.0,1.4,25.0,3.5
v2x_hotspot_hard,none,random,15,-454.4083651286058,184.05930280480442,0.19859824532204498,1.6278556119193373,146.79790239724792,148.42575800916725,0.8298666666666666,0.17013333333333333,0.49502954638246344,2517,2476,2507,0.3356,0.33013333333333333,0.33426666666666666,real,2.0,314,2.0,1.4,25.0,1.3
v2x_hotspot_hard,none,postmove_exact,15,-216.6675903734077,89.77460652440395,0.14014887594228267,0.6425076745611413,147.9556830147699,148.59819068933103,0.9341333333333335,0.06586666666666667,0.23346666666666666,5339,637,1524,0.7118666666666666,0.08493333333333333,0.2032,real,2.0,555,2.0,1.4,25.0,2.5
v2x_hotspot_hard,none,current_exact,15,-225.6508003340347,93.93174552379676,0.1405178299540749,0.6298372218688492,147.9556830147699,148.58552023663879,0.9297333333333333,0.07026666666666667,0.23429999999999998,5342,661,1497,0.7122666666666667,0.08813333333333333,0.1996,real,2.0,555,2.0,1.4,25.0,2.3
v2x_hotspot_hard,none,predict_tea,15,-225.65080601159525,93.93174408568983,0.14051773948576182,0.630346339039734,147.9556830147699,148.5860293538097,0.9297333333333333,0.07026666666666667,0.23426666666666662,5342,661,1497,0.7122666666666667,0.08813333333333333,0.1996,real,2.0,555,2.0,1.4,25.0,2.2
v2x_hotspot_hard,none,follow_tea,15,-252.5744776216503,90.80785746678806,0.14089387914734525,0.5861902279640215,148.68919025181233,149.27538047977637,0.9163999999999999,0.08360000000000002,0.2394,5302,788,1410,0.7069333333333333,0.10506666666666667,0.188,real,2.0,555,2.0,1.4,25.0,2.1
v2x_hotspot_hard,none,pmeo_e,15,-489.5413769370601,244.67708321086,0.17034632661233132,0.3160765152021764,83.36605979374363,83.6821363089458,0.8019999999999998,0.19799999999999998,0.2567,5291,1668,541,0.7054666666666667,0.2224,0.07213333333333333,real,2.0,555,2.0,1.4,25.0,4.2
v2x_hotspot_hard,none,random,15,-668.9198993465417,281.75255528848913,0.2890812330260168,2.485575728761032,145.30725260657158,147.7928283353326,0.7452000000000001,0.25479999999999997,0.50187984642543,2454,2489,2557,0.3272,0.33186666666666664,0.3409333333333333,real,2.0,555,2.0,1.4,25.0,1.3
v2x_hotspot_hard,none,postmove_exact,15,-170.44176468057054,107.41416841850757,0.11103731767222466,0.5278697462773566,148.70318869830461,149.23105844458198,0.95,0.05000000000000001,0.17583333333333337,5838,509,1153,0.7784,0.06786666666666667,0.15373333333333333,real,2.0,888,2.0,1.4,25.0,2.3
v2x_hotspot_hard,none,current_exact,15,-178.29288151477763,112.30837612720326,0.11127441537191855,0.5202162565452884,148.70318869830461,149.22340495484994,0.9461333333333334,0.05386666666666667,0.1764666666666667,5840,529,1131,0.7786666666666666,0.07053333333333334,0.1508,real,2.0,888,2.0,1.4,25.0,2.0
v2x_hotspot_hard,none,predict_tea,15,-178.29403569310355,112.30780586388596,0.11127662808584098,0.5206944701923591,148.70318869830461,149.223883168497,0.9461333333333334,0.05386666666666667,0.17643333333333333,5840,529,1131,0.7786666666666666,0.07053333333333334,0.1508,real,2.0,888,2.0,1.4,25.0,2.3
v2x_hotspot_hard,none,follow_tea,15,-194.99805474307914,108.65980311720459,0.11123646778712425,0.48248274598912094,147.98239241584713,148.46487516183623,0.9377333333333334,0.062266666666666665,0.1814666666666667,5803,614,1083,0.7737333333333334,0.08186666666666667,0.1444,real,2.0,888,2.0,1.4,25.0,2.2
v2x_hotspot_hard,none,pmeo_e,15,-340.7562214792313,256.6728096137685,0.13009803998088557,0.3220148878844714,82.08333333333333,82.4053482212178,0.8662666666666664,0.13373333333333334,0.19073333333333328,5803,1165,532,0.7737333333333334,0.15533333333333332,0.07093333333333333,real,2.0,888,2.0,1.4,25.0,5.3
v2x_hotspot_hard,none,random,15,-514.6909744018795,318.32281142420555,0.2291876705293846,1.918533555006889,145.7195244835327,147.63805803853958,0.8073333333333333,0.19266666666666662,0.5004725903427157,2502,2535,2463,0.3336,0.338,0.3284,real,2.0,888,2.0,1.4,25.0,1.8
v2x_hotspot_hard,none,postmove_exact,15,-215.4128291695735,92.98295759910098,0.10492854266080966,0.4138291100955505,149.07174928159128,149.48557839168686,0.9259999999999998,0.07400000000000001,0.14413333333333334,6148,690,662,0.8197333333333333,0.092,0.08826666666666666,real,3.0,73,3.0,2.1,25.0,2.6
v2x_hotspot_hard,none,current_exact,15,-219.77821206380023,95.0384839871262,0.1051267988561277,0.40971040910503137,149.07174928159128,149.4814596906963,0.9238666666666667,0.07613333333333334,0.14423333333333332,6150,700,650,0.82,0.09333333333333334,0.08666666666666667,real,3.0,73,3.0,2.1,25.0,2.2
v2x_hotspot_hard,none,predict_tea,15,-219.7778950283862,95.0383532280624,0.10512608078277359,0.4101304217352988,149.07174928159128,149.4818797033266,0.9238666666666667,0.07613333333333334,0.1442,6150,700,650,0.82,0.09333333333333334,0.08666666666666667,real,3.0,73,3.0,2.1,25.0,2.3
v2x_hotspot_hard,none,follow_tea,15,-232.4288470700739,97.12485768246748,0.10276166174781011,0.3601506551240968,148.78667797323092,149.14682862835505,0.9169333333333333,0.08306666666666668,0.1518,6078,783,639,0.8104,0.1044,0.0852,real,3.0,73,3.0,2.1,25.0,2.1
v2x_hotspot_hard,none,pmeo_e,15,-297.07806315056945,140.56390784388176,0.11112032673950804,0.2623311414873013,81.58333333333333,81.84566447482062,0.8833333333333334,0.11666666666666665,0.15956666666666663,6118,983,399,0.8157333333333333,0.13106666666666666,0.0532,real,3.0,73,3.0,2.1,25.0,3.2
v2x_hotspot_hard,none,random,15,-433.1870362832824,163.26707221520795,0.17719305150707781,1.4323563803611394,145.80608225040757,147.23843863076868,0.8350666666666665,0.16493333333333335,0.49778985113208046,2533,2506,2461,0.33773333333333333,0.33413333333333334,0.32813333333333333,real,3.0,73,3.0,2.1,25.0,1.3
v2x_hotspot_hard,none,postmove_exact,15,-291.37311578580136,105.24197784003906,0.145345866792133,0.5541979761577038,149.11429258785856,149.6684905640163,0.8981333333333335,0.10186666666666665,0.21433333333333335,5570,886,1044,0.7426666666666667,0.11813333333333334,0.1392,real,3.0,1,3.0,2.1,25.0,2.5
v2x_hotspot_hard,none,current_exact,15,-301.3660218456936,107.08950323206858,0.1456029289131937,0.5312813031085978,149.11429258785856,149.64557389096714,0.8932000000000001,0.10679999999999999,0.21580000000000002,5578,906,1016,0.7437333333333334,0.1208,0.13546666666666668,real,3.0,1,3.0,2.1,25.0,2.2
v2x_hotspot_hard,none,predict_tea,15,-301.3660218456936,107.08950323206858,0.1456029289131937,0.5312813031085978,149.11429258785856,149.64557389096714,0.8932000000000001,0.10679999999999999,0.21580000000000002,5578,906,1016,0.7437333333333334,0.1208,0.13546666666666668,real,3.0,1,3.0,2.1,25.0,2.3
v2x_hotspot_hard,none,follow_tea,15,-310.0229378836963,101.7591154787085,0.1442029257438364,0.5101367816645247,149.3712800027827,149.8814167844472,0.8885333333333333,0.11146666666666664,0.21966666666666662,5557,925,1018,0.7409333333333333,0.12333333333333334,0.13573333333333334,real,3.0,1,3.0,2.1,25.0,2.1
v2x_hotspot_hard,none,pmeo_e,15,-474.2636143944829,208.71405323158217,0.16571734720906434,0.29940789950806146,81.75,82.04940789950805,0.8084000000000001,0.19159999999999994,0.23316666666666666,5573,1546,381,0.7430666666666667,0.20613333333333334,0.0508,real,3.0,1,3.0,2.1,25.0,4.2
v2x_hotspot_hard,none,random,15,-647.2687966536852,234.78351492108487,0.267065474101545,2.2040812268138614,145.82318146898194,148.0272626957958,0.7505333333333333,0.2494666666666667,0.49533999825505437,2471,2478,2551,0.3294666666666667,0.3304,0.34013333333333334,real,3.0,1,3.0,2.1,25.0,1.3
v2x_hotspot_hard,none,postmove_exact,15,-288.58362651015744,94.14214335202146,0.1472163052363675,0.5835704681153298,149.1711684516223,149.75473891973763,0.9,0.10000000000000002,0.21116666666666667,5554,923,1023,0.7405333333333334,0.12306666666666667,0.1364,real,3.0,7,3.0,2.1,25.0,2.4
v2x_hotspot_hard,none,current_exact,15,-299.68040938801636,97.02308242017985,0.14754655073342307,0.5668384280922302,149.1711684516223,149.73800687971456,0.8945333333333334,0.10546666666666667,0.2124,5560,944,996,0.7413333333333333,0.12586666666666665,0.1328,real,3.0,7,3.0,2.1,25.0,2.3
v2x_hotspot_hard,none,predict_tea,15,-299.68040938801636,97.02308242017985,0.14754655073342307,0.5668384280922302,149.1711684516223,149.73800687971456,0.8945333333333334,0.10546666666666667,0.2124,5560,944,996,0.7413333333333333,0.12586666666666665,0.1328,real,3.0,7,3.0,2.1,25.0,2.3
v2x_hotspot_hard,none,follow_tea,15,-298.83183726027653,90.23655959195757,0.14477072561538226,0.5612829735267102,149.23679488566128,149.798077859188,0.8942666666666667,0.10573333333333332,0.21486666666666665,5526,935,1039,0.7368,0.12466666666666666,0.13853333333333334,real,3.0,7,3.0,2.1,25.0,2.2
v2x_hotspot_hard,none,pmeo_e,15,-449.9873565248649,177.42869448157168,0.1654695931797366,0.3589326832986102,82.83333333333333,83.19226601663195,0.8205333333333332,0.17946666666666664,0.22813333333333338,5582,1461,457,0.7442666666666666,0.1948,0.06093333333333333,real,3.0,7,3.0,2.1,25.0,3.9
v2x_hotspot_hard,none,random,15,-648.3624655112183,207.68864394723616,0.26290545537410254,2.1107924679363608,145.65325244040093,147.7640449083373,0.7489333333333332,0.25106666666666666,0.5033829501045058,2448,2514,2538,0.3264,0.3352,0.3384,real,3.0,7,3.0,2.1,25.0,1.2
v2x_hotspot_hard,none,postmove_exact,15,-304.3135912074231,107.24559458327047,0.1531694630377184,0.5976308655241773,148.69096602011572,149.2885968856399,0.8936,0.10640000000000002,0.22383333333333336,5469,945,1086,0.7292,0.126,0.1448,real,3.0,42,3.0,2.1,25.0,2.3
v2x_hotspot_hard,none,current_exact,15,-316.26963484391814,112.77242746067304,0.15361941830757087,0.5749575478780676,148.69096602011572,149.26592356799375,0.8877333333333334,0.11226666666666668,0.22553333333333334,5464,978,1058,0.7285333333333334,0.1304,0.14106666666666667,real,3.0,42,3.0,2.1,25.0,2.7
v2x_hotspot_hard,none,predict_tea,15,-316.26963484391814,112.77242746067304,0.15361941830757087,0.5749575478780676,148.69096602011572,149.26592356799375,0.8877333333333334,0.11226666666666668,0.22553333333333334,5464,978,1058,0.7285333333333334,0.1304,0.14106666666666667,real,3.0,42,3.0,2.1,25.0,2.1
v2x_hotspot_hard,none,follow_tea,15,-321.40407498597614,109.70661089886207,0.15100071776357815,0.543834866463196,149.15999284207498,149.70382770853814,0.8845333333333334,0.11546666666666666,0.23036666666666666,5428,996,1076,0.7237333333333333,0.1328,0.14346666666666666,real,3.0,42,3.0,2.1,25.0,2.1
v2x_hotspot_hard,none,pmeo_e,15,-462.7773880424935,186.60741124829215,0.16931650804880688,0.35800684756550605,82.16666666666667,82.52467351423219,0.8150666666666667,0.18493333333333334,0.2426,5470,1482,548,0.7293333333333333,0.1976,0.07306666666666667,real,3.0,42,3.0,2.1,25.0,4.4
v2x_hotspot_hard,none,random,15,-667.3233364258724,218.98489590522215,0.27537455713187786,2.340283381543925,144.68696188445713,147.02724526600105,0.7425333333333332,0.2574666666666667,0.4944514299539968,2494,2548,2458,0.33253333333333335,0.33973333333333333,0.3277333333333333,real,3.0,42,3.0,2.1,25.0,1.3
v2x_hotspot_hard,none,postmove_exact,15,-198.0031368148947,104.96820255151253,0.10533213918711112,0.4554456664427996,148.91522654694901,149.37067221339186,0.9348,0.06520000000000001,0.14876666666666663,6105,617,778,0.814,0.08226666666666667,0.10373333333333333,real,3.0,2024,3.0,2.1,25.0,2.2
v2x_hotspot_hard,none,current_exact,15,-202.620703168011,109.35053705818545,0.10550268953919988,0.4450241038287768,148.91522654694901,149.3602506507778,0.9325333333333334,0.06746666666666665,0.14959999999999998,6109,627,764,0.8145333333333333,0.0836,0.10186666666666666,real,3.0,2024,3.0,2.1,25.0,2.4
v2x_hotspot_hard,none,predict_tea,15,-202.620703168011,109.35053705818545,0.10550268953919988,0.4450241038287768,148.91522654694901,149.3602506507778,0.9325333333333334,0.06746666666666665,0.14959999999999998,6109,627,764,0.8145333333333333,0.0836,0.10186666666666666,real,3.0,2024,3.0,2.1,25.0,2.2
v2x_hotspot_hard,none,follow_tea,15,-217.89195126169474,99.78013228595589,0.10408771981341913,0.40819657923828456,148.7393836372803,149.14758021651863,0.9245333333333333,0.0754666666666667,0.1543,6071,706,723,0.8094666666666667,0.09413333333333333,0.0964,real,3.0,2024,3.0,2.1,25.0,2.3
v2x_hotspot_hard,none,pmeo_e,15,-305.3522033717835,179.97219344117664,0.11641393836227695,0.28567523978274567,81.83333333333333,82.11900857311608,0.8805333333333333,0.11946666666666665,0.1627,6105,1003,392,0.814,0.13373333333333334,0.05226666666666667,real,3.0,2024,3.0,2.1,25.0,3.4
v2x_hotspot_hard,none,random,15,-453.1057756051462,211.48719264478015,0.18350929285580367,1.5118736569574929,145.33275144881898,146.84462510577652,0.8266666666666664,0.17333333333333334,0.49889037542627773,2476,2437,2587,0.33013333333333333,0.32493333333333335,0.3449333333333333,real,3.0,2024,3.0,2.1,25.0,1.2
v2x_hotspot_hard,none,postmove_exact,15,-295.5403727976485,132.2532812130793,0.14517072258600694,0.5471990025424028,149.00291604390796,149.55011504645037,0.8959999999999998,0.104,0.21539999999999998,5569,886,1045,0.7425333333333334,0.11813333333333334,0.13933333333333334,real,3.0,12345,3.0,2.1,25.0,2.3
v2x_hotspot_hard,none,current_exact,15,-302.14381609626145,134.3022707186787,0.14557917059505546,0.5393919434295545,149.00291604390796,149.54230798733752,0.8927999999999998,0.1072,0.21603333333333333,5568,915,1017,0.7424,0.122,0.1356,real,3.0,12345,3.0,2.1,25.0,2.3
v2x_hotspot_hard,none,predict_tea,15,-302.14381609626145,134.3022707186787,0.14557917059505546,0.5393919434295545,149.00291604390796,149.54230798733752,0.8927999999999998,0.1072,0.21603333333333333,5568,914,1018,0.7424,0.12186666666666666,0.13573333333333334,real,3.0,12345,3.0,2.1,25.0,2.4
v2x_hotspot_hard,none,follow_tea,15,-322.760041243718,123.73844550967705,0.1452275563581469,0.4908798004313339,148.97175084601452,149.4626306464459,0.8823999999999999,0.11759999999999998,0.22246666666666665,5524,980,996,0.7365333333333334,0.13066666666666665,0.1328,real,3.0,12345,3.0,2.1,25.0,2.1
v2x_hotspot_hard,none,pmeo_e,15,-420.44606033436105,213.97110960467046,0.15728749806312617,0.3564463613109892,81.66666666666667,82.02311302797766,0.8331999999999999,0.16679999999999998,0.2317666666666667,5526,1381,593,0.7368,0.18413333333333334,0.07906666666666666,real,3.0,12345,3.0,2.1,25.0,4.0
v2x_hotspot_hard,none,random,15,-627.22746597855,279.7431787733494,0.26761760895506737,2.2622349488125506,145.2577133946825,147.51994834349503,0.7606666666666666,0.23933333333333331,0.4936985982734972,2524,2503,2473,0.33653333333333335,0.3337333333333333,0.3297333333333333,real,3.0,12345,3.0,2.1,25.0,1.2
v2x_hotspot_hard,none,postmove_exact,15,-260.5172344518261,128.33416641464302,0.13007798461666856,0.5200224909226682,148.9290656106622,149.44908810158486,0.9097333333333333,0.09026666666666668,0.18996666666666667,5751,825,924,0.7668,0.11,0.1232,real,3.0,999,3.0,2.1,25.0,2.2
v2x_hotspot_hard,none,current_exact,15,-269.2308661181565,131.64865923553563,0.13044056168717397,0.5101204683664771,148.9290656106622,149.4391860790287,0.9054666666666668,0.09453333333333334,0.19066666666666668,5757,826,917,0.7676,0.11013333333333333,0.12226666666666666,real,3.0,999,3.0,2.1,25.0,2.2
v2x_hotspot_hard,none,predict_tea,15,-269.2308661181565,131.64865923553563,0.13044056168717397,0.5101204683664771,148.9290656106622,149.4391860790287,0.9054666666666668,0.09453333333333334,0.19066666666666668,5757,826,917,0.7676,0.11013333333333333,0.12226666666666666,real,3.0,999,3.0,2.1,25.0,2.2
v2x_hotspot_hard,none,follow_tea,15,-284.3679746281465,108.38699717443814,0.1302952307974869,0.4726899188939356,149.06423570847002,149.53692562736396,0.8978666666666666,0.10213333333333334,0.1958666666666667,5713,908,879,0.7617333333333334,0.12106666666666667,0.1172,real,3.0,999,3.0,2.1,25.0,2.1
v2x_hotspot_hard,none,pmeo_e,15,-410.4527940898263,230.63125703605462,0.14536611711450667,0.28068865906394136,81.41666666666667,81.69735532573061,0.8352,0.16479999999999997,0.2117333333333333,5726,1326,448,0.7634666666666666,0.1768,0.05973333333333333,real,3.0,999,3.0,2.1,25.0,3.7
v2x_hotspot_hard,none,random,15,-557.5392396267803,267.16399140134996,0.22866360409269562,1.8775967427733058,144.86344572821827,146.74104247099157,0.7857333333333334,0.2142666666666667,0.49776168682579747,2498,2504,2498,0.3330666666666667,0.33386666666666664,0.3330666666666667,real,3.0,999,3.0,2.1,25.0,1.3
v2x_hotspot_hard,none,postmove_exact,15,-252.30919008534113,116.17478303779146,0.13020156096327443,0.5335860063410384,148.88384336403183,149.4174293703729,0.9138666666666666,0.08613333333333334,0.1842666666666667,5781,815,904,0.7708,0.10866666666666666,0.12053333333333334,real,3.0,314,3.0,2.1,25.0,2.2
v2x_hotspot_hard,none,current_exact,15,-261.52374538137866,119.88111561344594,0.1304997056828599,0.5217487021216611,148.88384336403183,149.40559206615356,0.9093333333333334,0.09066666666666669,0.18513333333333334,5783,817,900,0.7710666666666667,0.10893333333333333,0.12,real,3.0,314,3.0,2.1,25.0,2.1
v2x_hotspot_hard,none,predict_tea,15,-261.52374538137866,119.88111561344594,0.1304997056828599,0.5217487021216611,148.88384336403183,149.40559206615356,0.9093333333333334,0.09066666666666669,0.18513333333333334,5783,817,900,0.7710666666666667,0.10893333333333333,0.12,real,3.0,314,3.0,2.1,25.0,2.3
v2x_hotspot_hard,none,follow_tea,15,-264.6256103272965,114.97556441342563,0.12710402085762426,0.4832415191169176,148.91942413239315,149.40266565151015,0.9069333333333333,0.09306666666666669,0.19026666666666667,5765,824,911,0.7686666666666667,0.10986666666666667,0.12146666666666667,real,3.0,314,3.0,2.1,25.0,2.2
v2x_hotspot_hard,none,pmeo_e,15,-391.0699118135684,223.62192083649515,0.14341168794500422,0.30734507732885796,81.33333333333333,81.64067841066218,0.8443999999999999,0.15560000000000004,0.20319999999999996,5776,1284,440,0.7701333333333333,0.1712,0.058666666666666666,real,3.0,314,3.0,2.1,25.0,3.7
v2x_hotspot_hard,none,random,15,-553.3960562506911,261.8294688594881,0.2349152697033383,1.9196449263065696,146.79790239724795,148.71754732355444,0.7894666666666666,0.2105333333333333,0.49502954638246344,2517,2476,2507,0.3356,0.33013333333333333,0.33426666666666666,real,3.0,314,3.0,2.1,25.0,1.2
v2x_hotspot_hard,none,postmove_exact,15,-312.10630538304827,149.10969956284978,0.15743861339432766,0.591607107019809,149.27837975182464,149.86998685884447,0.8908,0.10920000000000002,0.2383,5355,954,1191,0.714,0.1272,0.1588,real,3.0,555,3.0,2.1,25.0,2.4
v2x_hotspot_hard,none,current_exact,15,-324.5374310281699,158.16326337826106,0.15777057007530323,0.5764134866921331,149.27837975182464,149.8547932385168,0.8846666666666666,0.11533333333333336,0.23916666666666664,5357,981,1162,0.7142666666666667,0.1308,0.15493333333333334,real,3.0,555,3.0,2.1,25.0,2.3
v2x_hotspot_hard,none,predict_tea,15,-324.53744087367346,158.16326590334882,0.1577704756437622,0.5769840994327774,149.27837975182464,149.85536385125744,0.8846666666666666,0.11533333333333336,0.23913333333333328,5357,981,1162,0.7142666666666667,0.1308,0.15493333333333334,real,3.0,555,3.0,2.1,25.0,2.2
v2x_hotspot_hard,none,follow_tea,15,-336.5482400076474,131.6477018587821,0.15680364807863786,0.557626008047775,148.90653367523737,149.46415968328515,0.8784,0.12160000000000001,0.24320000000000003,5309,1054,1137,0.7078666666666666,0.14053333333333334,0.1516,real,3.0,555,3.0,2.1,25.0,2.2
v2x_hotspot_hard,none,pmeo_e,15,-515.9081753065512,269.561100064176,0.17775463219822832,0.30859207437030045,83.33333333333333,83.64192540770364,0.7906666666666665,0.2093333333333333,0.2614666666666667,5297,1728,475,0.7062666666666667,0.2304,0.06333333333333334,real,3.0,555,3.0,2.1,25.0,4.1
v2x_hotspot_hard,none,random,15,-694.3803103544163,326.4403789597195,0.2999897455594592,2.547123140295192,145.30725260657158,147.8543757468668,0.7351999999999997,0.26480000000000004,0.50187984642543,2454,2489,2557,0.3272,0.33186666666666664,0.3409333333333333,real,3.0,555,3.0,2.1,25.0,1.3
v2x_hotspot_hard,none,postmove_exact,15,-241.81384603816502,145.71832698875895,0.12519453791176138,0.504750477344342,148.99435367883285,149.49910415617714,0.9178666666666666,0.08213333333333335,0.17986666666666665,5867,739,894,0.7822666666666667,0.09853333333333333,0.1192,real,3.0,888,3.0,2.1,25.0,2.2
v2x_hotspot_hard,none,current_exact,15,-251.28947600253022,151.78697356134745,0.12548238434651535,0.4884846138933687,148.99435367883285,149.4828382927262,0.9132000000000001,0.08680000000000002,0.18089999999999998,5870,760,870,0.7826666666666666,0.10133333333333333,0.116,real,3.0,888,3.0,2.1,25.0,2.2
v2x_hotspot_hard,none,predict_tea,15,-251.28948051220524,151.78697880707324,0.12548229918280918,0.4889555291741698,148.99435367883285,149.483309208007,0.9132000000000001,0.08680000000000002,0.18086666666666665,5870,760,870,0.7826666666666666,0.10133333333333333,0.116,real,3.0,888,3.0,2.1,25.0,2.2
v2x_hotspot_hard,none,follow_tea,15,-261.81551542854436,143.14551232283725,0.1252343362511688,0.4688246902434787,148.84798167268985,149.3168063629333,0.9078666666666667,0.09213333333333334,0.18456666666666666,5839,779,882,0.7785333333333333,0.10386666666666666,0.1176,real,3.0,888,3.0,2.1,25.0,2.1
v2x_hotspot_hard,none,pmeo_e,15,-366.7826365582921,255.96406108868592,0.1378844624793743,0.320719852715488,82.08333333333333,82.4040531860488,0.8552,0.14479999999999998,0.1948,5836,1200,464,0.7781333333333333,0.16,0.06186666666666667,real,3.0,888,3.0,2.1,25.0,3.5
v2x_hotspot_hard,none,random,15,-540.4047239731724,322.68780767510697,0.23474126270273005,1.9547350678735333,145.7195244835327,147.67425955140624,0.7958666666666666,0.20413333333333336,0.5004725903427157,2502,2535,2463,0.3336,0.338,0.3284,real,3.0,888,3.0,2.1,25.0,1.3
v2x_hotspot_hard,none,mpc_traj_h3,15,-65.75452242578099,33.7595472965942,0.055483915549345834,0.32282793046985936,97.13615191394472,97.45897984441459,0.9858666666666666,0.014133333333333335,0.1055,6405,269,826,0.854,0.035866666666666665,0.11013333333333333,real,1.0,73,1.0,0.7,25.0,49.0
v2x_hotspot_hard,none,mpc_traj_h3,15,-97.76402292469776,35.42154297945991,0.08414420547826737,0.46078450131327436,100.45841735432768,100.91920185564096,0.9771999999999998,0.022800000000000008,0.1563,5966,313,1221,0.7954666666666667,0.04173333333333333,0.1628,real,1.0,1,1.0,0.7,25.0,60.6
v2x_hotspot_hard,none,mpc_traj_h3,15,-86.68783638028701,32.69171715935318,0.07811337263198935,0.44590140058402966,99.86559924233977,100.31150064292383,0.9811999999999999,0.0188,0.14570000000000002,6050,296,1154,0.8066666666666666,0.039466666666666664,0.15386666666666668,real,1.0,7,1.0,0.7,25.0,57.9
v2x_hotspot_hard,none,mpc_traj_h3,15,-106.5739420679286,42.839886686573294,0.08459214136350336,0.42949369519081027,101.0158868332453,101.44538052843609,0.9729333333333333,0.02706666666666667,0.16113333333333332,5939,357,1204,0.7918666666666667,0.0476,0.16053333333333333,real,1.0,42,1.0,0.7,25.0,60.7
v2x_hotspot_hard,none,mpc_traj_h3,15,-71.7919003071414,31.510650940687277,0.06425655388270031,0.3686926825188535,97.60087430872747,97.9695669912463,0.9850666666666666,0.014933333333333335,0.12346666666666667,6252,251,997,0.8336,0.033466666666666665,0.13293333333333332,real,1.0,2024,1.0,0.7,25.0,52.7
v2x_hotspot_hard,none,mpc_traj_h3,15,-104.64778300956954,39.25742467224831,0.08870044327117087,0.48182333843155717,101.16045706807662,101.64228040650818,0.9749333333333332,0.025066666666666675,0.17269999999999996,5835,321,1344,0.778,0.0428,0.1792,real,1.0,12345,1.0,0.7,25.0,62.6
v2x_hotspot_hard,none,mpc_traj_h3,15,-90.06256612155907,58.19208307467286,0.0786716759341375,0.42399397801354716,98.84328756689001,99.26728154490357,0.9795999999999998,0.020400000000000005,0.15169999999999997,6014,300,1186,0.8018666666666666,0.04,0.15813333333333332,real,1.0,999,1.0,0.7,25.0,57.9
v2x_hotspot_hard,none,mpc_traj_h3,15,-71.6797434796666,25.103042578074025,0.06656782935825745,0.38370575720690575,98.24124891483913,98.62495467204603,0.9857333333333332,0.014266666666666669,0.12809999999999996,6214,240,1046,0.8285333333333333,0.032,0.13946666666666666,real,1.0,314,1.0,0.7,25.0,53.6
v2x_hotspot_hard,none,mpc_traj_h3,15,-126.1147253837115,68.54718503918818,0.10487745525349026,0.5359630577201602,101.55734784527674,102.09331090299692,0.9682666666666667,0.03173333333333334,0.20503333333333332,5567,371,1562,0.7422666666666666,0.049466666666666666,0.20826666666666666,real,1.0,555,1.0,0.7,25.0,70.6
v2x_hotspot_hard,none,mpc_traj_h3,15,-92.77324708445063,57.277284666740044,0.07860820643856378,0.4187547356575522,99.60601724936355,100.0247719850211,0.9782666666666665,0.021733333333333337,0.14736666666666667,6052,308,1140,0.8069333333333333,0.04106666666666667,0.152,real,1.0,888,1.0,0.7,25.0,57.1
v2x_hotspot_hard,none,mpc_traj_h3,15,-93.11129930611267,42.54445165685904,0.0722183721004053,0.40169442687811835,102.9527714655559,103.354465892434,0.9766666666666667,0.023333333333333334,0.12013333333333334,6268,347,885,0.8357333333333333,0.046266666666666664,0.118,real,1.5,73,1.5,1.05,25.0,51.4
v2x_hotspot_hard,none,mpc_traj_h3,15,-135.46030398155057,54.632994550730224,0.10208273624041692,0.5313345003940763,107.65802411302667,108.18935861342074,0.9632000000000002,0.03680000000000001,0.17253333333333332,5824,423,1253,0.7765333333333333,0.0564,0.16706666666666667,real,1.5,1,1.5,1.05,25.0,64.6
v2x_hotspot_hard,none,mpc_traj_h3,15,-118.20328886449688,34.337946280186245,0.09611456620278484,0.5267622958534679,106.26662866852465,106.7933909643781,0.9702666666666668,0.02973333333333334,0.1630333333333333,5883,407,1210,0.7844,0.054266666666666664,0.16133333333333333,real,1.5,7,1.5,1.05,25.0,63.3
v2x_hotspot_hard,none,mpc_traj_h3,15,-138.62675113953125,52.24669321949502,0.10482916044102059,0.5349687536537964,106.92007376988873,107.45504252354255,0.9622666666666668,0.037733333333333334,0.1807,5747,457,1296,0.7662666666666667,0.06093333333333333,0.1728,real,1.5,42,1.5,1.05,25.0,78.1
v2x_hotspot_hard,none,mpc_traj_h3,15,-109.7055209596672,42.942435538821755,0.08288576184015845,0.44810177484719976,103.51163195436608,103.95973372921324,0.9710666666666666,0.028933333333333332,0.1461333333333333,6059,331,1110,0.8078666666666666,0.04413333333333333,0.148,real,1.5,2024,1.5,1.05,25.0,58.3
v2x_hotspot_hard,none,mpc_traj_h3,15,-134.9412185510995,47.29638180557984,0.10689685641968011,0.5649240355303898,107.6963127103975,108.26123674592787,0.9646666666666667,0.03533333333333334,0.18889999999999996,5670,412,1418,0.756,0.054933333333333334,0.18906666666666666,real,1.5,12345,1.5,1.05,25.0,67.7
v2x_hotspot_hard,none,mpc_traj_h3,15,-118.0842634255455,63.821775126697034,0.09278627936989575,0.4960639553382944,105.74850678397135,106.24457073930964,0.9694666666666668,0.030533333333333343,0.15853333333333328,5939,388,1173,0.7918666666666667,0.05173333333333333,0.1564,real,1.5,999,1.5,1.05,25.0,60.9
v2x_hotspot_hard,none,mpc_traj_h3,15,-101.26443196733253,38.35501994763684,0.08247832958862607,0.4637262196249516,106.45561217723626,106.9193383968612,0.9753333333333333,0.024666666666666667,0.14106666666666667,6070,351,1079,0.8093333333333333,0.0468,0.14386666666666667,real,1.5,314,1.5,1.05,25.0,57.7
v2x_hotspot_hard,none,mpc_traj_h3,15,-172.8443394651222,89.02088715194945,0.1295412989796837,0.6376030531772958,109.43263003295938,110.07023308613667,0.9514666666666667,0.048533333333333345,0.23179999999999998,5332,496,1672,0.7109333333333333,0.06613333333333334,0.22293333333333334,real,1.5,555,1.5,1.05,25.0,77.8
v2x_hotspot_hard,none,mpc_traj_h3,15,-128.67311550623154,87.82668914788212,0.09991171316769101,0.5163220356753878,103.98960052151821,104.50592255719361,0.9658666666666665,0.03413333333333334,0.16939999999999994,5853,409,1238,0.7804,0.054533333333333336,0.16506666666666667,real,1.5,888,1.5,1.05,25.0,63.2
v2x_hotspot_hard,none,mpc_traj_h3,15,-127.43036248894332,58.651528886722744,0.08394700441019576,0.42285359552508056,107.47908257626256,107.90193617178763,0.9626666666666667,0.03733333333333334,0.12983333333333333,6200,440,860,0.8266666666666667,0.058666666666666666,0.11466666666666667,real,2.0,73,2.0,1.4,25.0,55.3
v2x_hotspot_hard,none,mpc_traj_h3,15,-177.20164012917252,73.38513849237252,0.1153642497650415,0.5626389877250104,114.63251347879181,115.1951524665168,0.9460000000000001,0.05400000000000002,0.1844333333333333,5739,552,1209,0.7652,0.0736,0.1612,real,2.0,1,2.0,1.4,25.0,68.1
v2x_hotspot_hard,none,mpc_traj_h3,15,-153.07614451384327,48.533474066115446,0.11246734662847473,0.5960891830571391,114.49528947966785,115.09137866272496,0.9573333333333333,0.04266666666666667,0.17543333333333333,5758,518,1224,0.7677333333333334,0.06906666666666667,0.1632,real,2.0,7,2.0,1.4,25.0,67.6
v2x_hotspot_hard,none,mpc_traj_h3,15,-188.96096462151726,61.15140029356895,0.12558758646761395,0.6058902279541286,117.06582364914816,117.67171387710229,0.9428,0.05720000000000001,0.20243333333333335,5573,598,1329,0.7430666666666667,0.07973333333333334,0.1772,real,2.0,42,2.0,1.4,25.0,71.8
v2x_hotspot_hard,none,mpc_traj_h3,15,-135.63600621679768,56.35808919304299,0.09306603244577902,0.47195222451685287,109.22461438123125,109.6965666057481,0.9609333333333333,0.03906666666666667,0.15103333333333335,6032,429,1039,0.8042666666666667,0.0572,0.13853333333333334,real,2.0,2024,2.0,1.4,25.0,60.6
v2x_hotspot_hard,none,mpc_traj_h3,15,-181.34739705112113,72.67613517808688,0.12198664070046922,0.591698175221976,112.28240216697674,112.87410034219872,0.9454666666666667,0.05453333333333334,0.2007,5578,595,1327,0.7437333333333334,0.07933333333333334,0.17693333333333333,real,2.0,12345,2.0,1.4,25.0,71.3
v2x_hotspot_hard,none,mpc_traj_h3,15,-159.62623866825257,80.2294261329654,0.10703070093952166,0.5338838090393949,113.90833150921104,114.44221531825045,0.9526666666666667,0.047333333333333345,0.17173333333333332,5835,516,1149,0.778,0.0688,0.1532,real,2.0,999,2.0,1.4,25.0,65.5
v2x_hotspot_hard,none,mpc_traj_h3,15,-158.34197523107025,61.48490048910657,0.10216610381570487,0.5046500611317873,109.41791650437949,109.92256656551132,0.9518666666666665,0.04813333333333335,0.16116666666666665,5908,546,1046,0.7877333333333333,0.0728,0.13946666666666666,real,2.0,314,2.0,1.4,25.0,62.9
v2x_hotspot_hard,none,mpc_traj_h3,15,-222.0397864235356,103.20042269126138,0.14118996418804386,0.6432378113907009,116.4714721504125,117.11470996180324,0.9301333333333335,0.06986666666666667,0.2343666666666667,5326,687,1487,0.7101333333333333,0.0916,0.19826666666666667,real,2.0,555,2.0,1.4,25.0,79.9
v2x_hotspot_hard,none,mpc_traj_h3,15,-167.2806302017338,112.16914077802217,0.11032307279239838,0.5225552776407332,110.00171611103868,110.5242713886794,0.9494666666666667,0.05053333333333334,0.17786666666666667,5832,496,1172,0.7776,0.06613333333333334,0.15626666666666666,real,2.0,888,2.0,1.4,25.0,65.2
,,mpc_traj_h3,,-218.499,,,,,,,,,,,,,,,real,3.0,73,,,,
,,mpc_traj_h3,,-296.946,,,,,,,,,,,,,,,real,3.0,1,,,,
,,mpc_traj_h3,,-284.088,,,,,,,,,,,,,,,real,3.0,7,,,,
