apps_arrived,apps_done,apps_failed,dep_violations,energy_j,entropy,episode,eval_seed,fail_uncovered,frac_unassociated,kind,leo_invalid_attempts,leo_placements,loss,mean_adv,mean_delay_s,mean_entropy,pen_boundary,pen_collision,pen_low_battery,reward,reward_E,reward_F,reward_L,steps,success_rate
84,60,19,0,25051.6750424752,15.301087379455566,0,,15,0.2685,train,88,204,0.7947582453489304,3.108624468950438e-16,3.8959445361298117,15.304182682037354,0.0,0.0,0.0,-412.89675042475204,25051.6750424752,19.0,519.0,50,0.7142857142857143
104,59,28,0,25804.02291004578,15.28857421875,1,,15,0.238,train,145,225,0.8061584979295731,1.9539925233402755e-16,4.028562961225464,15.289191627502442,0.0,0.0,0.0,-496.0602291004579,25804.02291004578,28.0,701.0,50,0.5673076923076923
73,49,19,0,22031.704048102198,15.294631004333496,2,,17,0.295,train,266,176,0.8169738501310349,-5.595524044110789e-16,3.394508110709241,15.30081485748291,0.0,0.0,0.0,-381.13704048102187,22031.704048102198,19.0,441.0,50,0.6712328767123288
73,49,17,0,23923.179357120436,15.275771141052246,3,,12,0.231,train,65,169,0.8190417885780334,-8.881784197001253e-17,3.3970316229867232,15.286345081329346,0.0,0.0,0.0,-383.73179357120426,23923.179357120436,17.0,425.0,50,0.6712328767123288
78,46,26,0,25190.33035189205,15.267062187194824,4,,25,0.2915,train,20,131,0.8194397389888763,5.773159728050814e-16,3.92361345625826,15.275514316558837,0.0,0.0,0.0,-470.7633035189206,25190.33035189205,26.0,543.0,50,0.5897435897435898
75,46,19,0,26777.49519653858,15.250078201293945,5,,11,0.182,train,94,144,0.8172941654920578,-3.375077994860476e-16,4.011954461881044,15.259368839263916,0.0,0.0,0.0,-429.4549519653859,26777.49519653858,19.0,484.0,50,0.6133333333333333
93,61,19,0,29333.95779302467,15.233863830566406,6,,16,0.3125,train,61,172,0.8120460659265518,3.375077994860476e-16,4.480867521259148,15.245404262542724,0.0,0.0,0.0,-457.17957793024675,29333.95779302467,19.0,592.0,50,0.6559139784946236
86,43,26,0,26173.598300537593,15.21638011932373,7,,24,0.313,train,72,124,0.7964767962694168,-3.552713678800501e-16,3.58146559196658,15.23321460723877,0.0,0.0,0.0,-480.9759830053758,26173.598300537593,26.0,562.0,50,0.5
84,58,18,0,24548.578928339397,15.185273170471191,8,,16,0.278,train,75,183,0.8105213642120361,-3.641531520770513e-16,3.5395598543430444,15.207579441070557,0.0,0.0,0.0,-399.365789283394,24548.578928339397,18.0,494.0,50,0.6904761904761905
78,49,20,0,26677.660286726797,15.1487455368042,9,,15,0.2095,train,112,140,0.8008308410644531,9.769962616701378e-17,4.2920834905071885,15.171528663635254,0.0,0.0,0.0,-437.116602867268,26677.660286726797,20.0,517.0,50,0.6282051282051282
81,54,18,0,26920.55519034226,15.120844841003418,10,,11,0.1825,train,75,161,0.7995034456253052,6.661338147750939e-16,4.495018252849748,15.141743564605713,0.0,0.0,0.0,-424.1255519034227,26920.55519034226,18.0,546.0,50,0.6666666666666666
103,71,19,0,28658.171710918556,15.08072566986084,11,,10,0.143,train,139,251,0.7805637717247009,-9.769962616701378e-17,4.35201489187706,15.102358741760254,0.0,0.0,0.0,-451.24171710918563,28658.171710918556,19.0,633.0,50,0.6893203883495146
68,50,12,0,25836.733105968284,15.08694839477539,12,,10,0.251,train,112,160,0.7736877351999283,3.108624468950438e-16,4.1636000440792325,15.092164897918702,0.0,0.0,0.0,-363.04733105968273,25836.733105968284,12.0,434.0,50,0.7352941176470589
79,55,17,0,24082.05172873051,15.088540077209473,13,,9,0.207,train,108,188,0.7970567941665649,-5.950795411990839e-16,3.0982285646947862,15.087038383483886,0.0,0.0,0.0,-385.6405172873051,24082.05172873051,17.0,441.0,50,0.6962025316455697
92,54,22,0,27011.564016552595,15.068292617797852,14,,14,0.2205,train,154,193,0.7701562494039536,6.661338147750939e-16,3.526461393844759,15.080645542144776,0.0,0.0,0.0,-457.775640165526,27011.564016552595,22.0,583.0,50,0.5869565217391305
88,41,35,0,24606.74633592069,15.05351734161377,15,,32,0.3505,train,50,123,0.7650932371616364,-4.4408920985006264e-17,4.021742820247373,15.068373470306396,0.0,0.0,0.0,-539.687463359207,24606.74633592069,35.0,681.0,50,0.4659090909090909
101,54,33,0,27783.36203459888,15.007070541381836,16,,21,0.2345,train,87,171,0.7514529973268509,-3.641531520770513e-16,5.295601770041302,15.022575607299805,0.0,0.0,0.0,-557.8536203459888,27783.36203459888,33.0,801.0,50,0.5346534653465347
96,59,32,0,28332.6591884585,15.009479522705078,17,,24,0.201,train,93,191,0.77166648209095,-9.769962616701378e-17,4.030542120081054,15.013595714569092,0.0,0.0,0.0,-552.726591884585,28332.6591884585,32.0,670.0,50,0.6145833333333334
76,50,19,0,26375.27536730135,15.03193187713623,18,,19,0.2845,train,65,150,0.7264190912246704,-9.769962616701378e-17,4.275475423453898,15.035426826477051,0.0,0.0,0.0,-426.07275367301355,26375.27536730135,19.0,516.0,50,0.6578947368421053
90,55,24,0,27308.259114976157,15.00097942352295,19,,20,0.2885,train,97,176,0.7338457852602005,-3.730349362740526e-16,3.5814356433109538,15.008368263244629,0.0,0.0,0.0,-476.7025911497616,27308.259114976157,24.0,581.0,50,0.6111111111111112
88,51,28,0,27429.532292370277,14.992260932922363,20,,22,0.258,train,34,155,0.7108469158411026,1.4210854715202004e-16,3.755921519612629,15.007847824096679,0.0,0.0,0.0,-510.65532292370284,27429.532292370277,28.0,618.0,50,0.5795454545454546
73,42,23,0,23333.520215482822,14.983262062072754,21,,23,0.341,train,20,137,0.7181005328893661,2.6645352591003756e-16,3.054664786186256,15.00509786605835,0.0,0.0,0.0,-426.75520215482834,23333.520215482822,23.0,471.0,50,0.5753424657534246
96,64,23,0,26988.287522743663,14.931707382202148,22,,17,0.2535,train,157,221,0.7103977501392365,3.8191672047105384e-16,3.8194153508206887,14.939371433258056,0.0,0.0,0.0,-466.0228752274367,26988.287522743663,23.0,607.0,50,0.6666666666666666
65,42,18,0,27373.26506819472,14.94051742553711,23,,10,0.27,train,32,116,0.7537190169095993,2.3092638912203257e-16,4.960967573506137,14.94649076461792,0.0,0.0,0.0,-427.0926506819473,27373.26506819472,18.0,468.0,50,0.6461538461538462
91,46,31,0,27780.487657791597,14.925724029541016,24,,26,0.189,train,76,136,0.7088104337453842,-8.881784197001253e-18,3.7745903338985256,14.933985710144043,0.0,0.0,0.0,-538.144876577916,27780.487657791597,31.0,617.0,50,0.5054945054945055
94,47,34,0,31028.777024688734,,24,0,23,0.3095,eval,70,99,,,4.987783440730555,0.0,0.0,0.0,0.0,-597.1477702468873,31028.777024688734,34.0,743.0,50,0.5
93,44,37,0,29024.42700641904,,24,1,29,0.3075,eval,127,105,,,4.953879311816595,0.0,0.0,0.0,0.0,-600.9842700641904,29024.42700641904,37.0,737.0,50,0.4731182795698925
78,40,26,0,27103.180737243492,,24,2,13,0.2125,eval,47,121,,,3.4209190835078447,0.0,0.0,0.0,0.0,-489.8918073724349,27103.180737243492,26.0,543.0,50,0.5128205128205128
92,36,41,0,28576.377959756748,,24,3,22,0.206,eval,57,82,,,3.6765559256470084,0.0,0.0,0.0,0.0,-628.4637795975674,28576.377959756748,41.0,735.0,50,0.391304347826087
91,32,44,0,30264.88119745283,,24,4,20,0.238,eval,17,80,,,4.466566957905992,0.0,0.0,0.0,0.0,-670.0488119745283,30264.88119745283,44.0,770.0,50,0.3516483516483517
59,42,13,0,25686.97832588697,14.960885047912598,25,,11,0.2145,train,86,115,0.6953325271606445,1.2434497875801754e-16,3.9386144233266664,14.949020977020263,0.0,0.0,0.0,-367.9897832588696,25686.97832588697,13.0,356.0,50,0.711864406779661
74,52,15,0,26089.294208901287,14.965789794921875,26,,9,0.1875,train,162,169,0.7279225587844849,2.6645352591003756e-16,4.209478659134007,14.95189733505249,0.0,0.0,0.0,-389.91294208901286,26089.294208901287,15.0,451.0,50,0.7027027027027027
92,55,28,0,29307.957106805003,14.955094337463379,27,,21,0.2645,train,25,150,0.6626231297850609,2.1316282072803005e-16,4.4823571060000775,14.952915840148925,0.0,0.0,0.0,-530.1795710680501,29307.957106805003,28.0,655.0,50,0.5978260869565217
81,46,24,0,27782.668843395742,14.976065635681152,28,,16,0.2225,train,99,145,0.7091345936059952,3.108624468950438e-16,4.550743712473618,14.968203411102294,0.0,0.0,0.0,-481.42668843395734,27782.668843395742,24.0,580.0,50,0.5679012345679012
96,64,10,0,27309.95216302174,14.984466552734375,29,,6,0.1655,train,118,208,0.7015672475099564,-4.1744385725905884e-16,3.962167316285795,14.980113773345947,0.0,0.0,0.0,-363.2395216302175,27309.95216302174,10.0,507.0,50,0.6666666666666666
70,40,20,0,22942.462684515292,14.994223594665527,30,,19,0.3525,train,69,124,0.6887470781803131,-1.0658141036401502e-16,3.0786432824149825,14.998269805908203,0.0,0.0,0.0,-397.764626845153,22942.462684515292,20.0,417.0,50,0.5714285714285714
64,48,10,0,26340.015968825493,15.000563621520996,31,,10,0.2385,train,26,130,0.7067531198263168,-5.240252676230739e-16,3.8077432127314075,15.006896610260009,0.0,0.0,0.0,-350.48015968825496,26340.015968825493,10.0,354.0,50,0.75
87,58,23,0,28218.21505291134,14.940532684326172,32,,17,0.1935,train,98,181,0.6735773831605911,1.0658141036401502e-16,4.2967004650946095,14.94958200454712,0.0,0.0,0.0,-477.9621505291132,28218.21505291134,23.0,589.0,50,0.6666666666666666
74,48,15,0,25501.02401099413,14.960718154907227,33,,10,0.1725,train,61,164,0.6930480897426605,2.220446049250313e-16,3.4369660953573025,14.969677352905274,0.0,0.0,0.0,-383.61024010994123,25501.02401099413,15.0,430.0,50,0.6486486486486487
74,46,19,0,25165.794175913066,14.941044807434082,34,,15,0.258,train,141,158,0.6646750122308731,2.042810365310288e-16,3.604391626532027,14.94934461593628,0.0,0.0,0.0,-412.9979417591306,25165.794175913066,19.0,467.0,50,0.6216216216216216
86,47,27,0,22978.589743149274,14.935592651367188,35,,25,0.3015,train,127,148,0.7315929383039474,-2.042810365310288e-16,3.2441965048701364,14.948380985260009,0.0,0.0,0.0,-456.7458974314928,22978.589743149274,27.0,548.0,50,0.5465116279069767
106,62,29,0,28713.384165811436,14.878800392150879,36,,18,0.201,train,43,187,0.7057071477174759,9.769962616701378e-17,4.6927447953419925,14.901847648620606,0.0,0.0,0.0,-533.8538416581143,28713.384165811436,29.0,736.0,50,0.5849056603773585
110,67,31,0,30995.41999858341,14.807780265808105,37,,16,0.231,train,141,195,0.6742297410964966,-1.1546319456101628e-16,5.145076911184905,14.835790176391601,0.0,0.0,0.0,-574.4541999858341,30995.41999858341,31.0,825.0,50,0.6090909090909091
84,47,29,0,25746.068807624477,14.80273723602295,38,,23,0.2245,train,24,144,0.7023048549890518,-5.151434834260726e-16,3.877501251518617,14.825046710968017,0.0,0.0,0.0,-501.3406880762448,25746.068807624477,29.0,594.0,50,0.5595238095238095
77,55,15,0,27160.87145571366,14.819726943969727,39,,11,0.193,train,188,170,0.701560914516449,2.1316282072803005e-16,4.0185032697198695,14.844009704589844,0.0,0.0,0.0,-400.6487145571365,27160.871455713663,15.0,452.0,50,0.7142857142857143
83,49,23,0,26767.24842837169,14.763808250427246,40,,22,0.278,train,75,128,0.6578294932842255,-2.575717417130363e-16,3.8931200859565513,14.795289897918702,0.0,0.0,0.0,-462.67248428371704,26767.24842837169,23.0,550.0,50,0.5903614457831325
84,55,17,0,28809.008902577956,14.718652725219727,41,,10,0.135,train,41,171,0.7073380053043365,1.127986593019159e-15,4.388900448250504,14.746977825164794,0.0,0.0,0.0,-434.91008902577954,28809.008902577956,17.0,541.0,50,0.6547619047619048
107,71,24,0,30237.908044569507,14.64278793334961,42,,15,0.222,train,94,229,0.6912655979394913,-1.1546319456101628e-16,4.758170797888856,14.676122951507569,0.0,0.0,0.0,-509.07908044569507,30237.908044569507,24.0,735.0,50,0.6635514018691588
89,49,24,0,31451.727608397858,14.594010353088379,43,,11,0.2135,train,54,155,0.6999406218528748,1.509903313490213e-16,4.283515187320693,14.61874761581421,0.0,0.0,0.0,-518.8972760839788,31451.727608397858,24.0,619.0,50,0.550561797752809
84,50,24,0,27532.941309948892,14.651235580444336,44,,20,0.2615,train,42,145,0.7121035605669022,0.0,4.472164512945657,14.65511926651001,0.0,0.0,0.0,-478.84941309948897,27532.941309948892,24.0,576.0,50,0.5952380952380952
75,47,18,0,23492.595562223785,14.637994766235352,45,,12,0.2145,train,83,170,0.693136915564537,-7.371880883511039e-16,3.8652376132694344,14.636134071350098,0.0,0.0,0.0,-388.20595562223787,23492.595562223785,18.0,464.0,50,0.6266666666666667
80,51,13,0,27009.72642679676,14.674612998962402,46,,10,0.153,train,44,166,0.6621013358235359,2.1316282072803005e-16,4.268311076184807,14.663194789886475,0.0,0.0,0.0,-383.4772642679676,27009.72642679676,13.0,469.0,50,0.6375
96,59,23,0,29337.74719614744,14.64669132232666,47,,16,0.2825,train,50,171,0.6959704756736755,1.554312234475219e-16,4.9188930423908195,14.629086875915528,0.0,0.0,0.0,-491.1574719614744,29337.74719614744,23.0,689.0,50,0.6145833333333334
81,54,16,0,30929.543361084856,14.69954776763916,48,,13,0.2275,train,131,137,0.6667739301919937,-4.2188474935755947e-16,5.11132664824376,14.688351612091065,0.0,0.0,0.0,-448.3354336108486,30929.543361084856,16.0,552.0,50,0.6666666666666666
100,45,47,0,25831.54013175024,14.666861534118652,49,,39,0.3445,train,15,119,0.7101375162601471,2.9309887850104134e-16,3.6280536193355766,14.652302131652831,0.0,0.0,0.0,-650.1954013175025,25831.54013175024,47.0,794.0,50,0.45
91,24,52,0,32538.089025393263,,49,0,27,0.2855,eval,5,14,,,7.972433405202807,0.0,0.0,0.0,0.0,-759.5608902539327,32538.089025393263,52.0,909.0,50,0.26373626373626374
88,30,44,0,30569.89480744246,,49,1,26,0.2845,eval,159,40,,,5.1398110976292735,0.0,0.0,0.0,0.0,-672.8789480744247,30569.89480744246,44.0,759.0,50,0.3409090909090909
79,37,27,0,30793.002091815288,,49,2,11,0.2125,eval,8,65,,,4.775492320710376,0.0,0.0,0.0,0.0,-536.1500209181529,30793.002091815288,27.0,611.0,50,0.46835443037974683
93,26,50,0,32133.32264734457,,49,3,21,0.206,eval,166,41,,,5.3770754175196736,0.0,0.0,0.0,0.0,-738.4732264734456,32133.32264734457,50.0,857.0,50,0.27956989247311825
86,31,44,0,33341.476524019075,,49,4,25,0.238,eval,233,40,,,6.428690161880525,0.0,0.0,0.0,0.0,-701.6147652401906,33341.476524019075,44.0,810.0,50,0.36046511627906974
76,50,18,0,28941.72211460074,14.74136734008789,50,,14,0.2115,train,59,118,0.7234064340591431,8.171241461241152e-16,4.365653365284235,14.720987644195556,0.0,0.0,0.0,-443.45722114600744,28941.72211460074,18.0,502.0,50,0.6578947368421053
49,36,8,0,24068.625529005774,14.80367660522461,51,,8,0.196,train,29,103,0.6717599183320999,2.842170943040401e-16,3.010548113580202,14.792808475494384,0.0,0.0,0.0,-309.5462552900578,24068.625529005774,8.0,243.0,50,0.7346938775510204
102,57,33,0,29507.977886917935,14.729328155517578,52,,18,0.2185,train,106,190,0.7494771033525467,-1.3322676295501878e-16,4.619132065522998,14.716681976318359,0.0,0.0,0.0,-573.7197788691792,29507.977886917935,33.0,732.0,50,0.5588235294117647
81,43,27,0,24117.806212795025,14.787275314331055,53,,18,0.33,train,77,143,0.7372512221336365,1.1546319456101628e-16,3.68494322320654,14.772284336090088,0.0,0.0,0.0,-468.55806212795034,24117.806212795025,27.0,569.0,50,0.5308641975308642
120,64,42,0,27706.01338735346,14.752305030822754,54,,34,0.217,train,73,192,0.7192943692207336,-1.7763568394002506e-16,4.269569694095324,14.747708473205567,0.0,0.0,0.0,-630.6201338735348,27706.01338735346,42.0,878.0,50,0.5333333333333333
79,45,24,0,27263.65530978019,14.764856338500977,55,,15,0.217,train,91,144,0.7020484358072281,-1.0658141036401502e-16,4.297881869686159,14.765469570159912,0.0,0.0,0.0,-476.11655309780184,27263.65530978019,24.0,574.0,50,0.569620253164557
93,65,16,0,30095.301629268062,14.792337417602539,56,,10,0.197,train,70,182,0.7110847979784012,-8.881784197001253e-18,4.1449912297044085,14.79101879119873,0.0,0.0,0.0,-440.0730162926805,30095.301629268062,16.0,556.0,50,0.6989247311827957
77,43,22,0,24720.9640792339,14.78728199005127,57,,17,0.2645,train,47,141,0.7034294307231903,6.217248937900877e-17,4.434160554675048,14.786764545440674,0.0,0.0,0.0,-434.0096407923392,24720.9640792339,22.0,540.0,50,0.5584415584415584
82,51,22,0,27794.71820558152,14.785568237304688,58,,18,0.225,train,31,151,0.7079007476568222,1.0036416142611414e-15,3.634012397045158,14.789560260772705,0.0,0.0,0.0,-464.24718205581524,27794.71820558152,22.0,515.0,50,0.6219512195121951
96,57,24,0,29361.891621124985,14.750642776489258,59,,15,0.2485,train,102,175,0.6976282149553299,3.9968028886505636e-16,4.477741582144501,14.757777843475342,0.0,0.0,0.0,-498.61891621125,29361.891621124985,24.0,650.0,50,0.59375
75,48,19,0,24736.39540660884,14.784944534301758,60,,19,0.1875,train,44,155,0.6618674546480179,3.552713678800501e-16,3.561606708454889,14.789402370452882,0.0,0.0,0.0,-408.6839540660886,24736.39540660884,19.0,466.0,50,0.64
82,53,24,0,26782.482999689342,14.757773399353027,61,,15,0.1485,train,169,178,0.725717082619667,5.329070518200751e-16,4.143974859240803,14.756311378479005,0.0,0.0,0.0,-470.84482999689345,26782.482999689342,24.0,551.0,50,0.6463414634146342
56,47,6,0,24257.200579795604,14.839016914367676,62,,6,0.2385,train,26,133,0.7408867329359055,2.486899575160351e-16,2.7381208980720757,14.841489639282226,0.0,0.0,0.0,-295.49200579795604,24257.200579795604,6.0,246.0,50,0.8392857142857143
79,58,14,0,28233.203254605825,14.787833213806152,63,,11,0.173,train,24,156,0.7407745867967606,0.0,4.6213575177636965,14.79884817123413,0.0,0.0,0.0,-404.2520325460582,28233.203254605825,14.0,496.0,50,0.7341772151898734
79,47,23,0,27838.496748093,14.728069305419922,64,,13,0.1805,train,119,159,0.7290638238191605,-1.0658141036401502e-16,4.079021712884715,14.73890115737915,0.0,0.0,0.0,-472.96496748093017,27838.496748093,23.0,529.0,50,0.5949367088607594
100,52,35,0,25952.437853827738,14.740248680114746,65,,32,0.335,train,24,169,0.6982830464839935,-8.881784197001253e-17,3.732414434664352,14.739792976379395,0.0,0.0,0.0,-554.0043785382773,25952.437853827738,35.0,724.0,50,0.52
87,42,31,0,26773.37405907791,14.7341947555542,66,,27,0.285,train,171,136,0.7450451850891113,-1.4210854715202004e-16,4.0043370511067105,14.7343044090271,0.0,0.0,0.0,-528.753740590779,26773.37405907791,31.0,651.0,50,0.4827586206896552
71,49,16,0,22557.623993983852,14.768959999084473,67,,15,0.224,train,46,164,0.6759579330682755,-9.325873406851315e-17,3.22444109854611,14.773987102508546,0.0,0.0,0.0,-361.6362399398384,22557.623993983852,16.0,403.0,50,0.6901408450704225
77,47,17,0,25627.55787475155,14.750253677368164,68,,14,0.204,train,33,137,0.6962961405515671,5.240252676230739e-16,3.6874814372011295,14.757882556915284,0.0,0.0,0.0,-401.43557874751554,25627.55787475155,17.0,458.0,50,0.6103896103896104
82,49,24,0,24891.79786996887,14.691010475158691,69,,16,0.226,train,144,156,0.7387779504060745,-2.575717417130363e-16,3.50815052902056,14.711371536254882,0.0,0.0,0.0,-451.59797869968867,24891.79786996887,24.0,534.0,50,0.5975609756097561
106,55,36,0,29920.15916797007,14.626616477966309,70,,24,0.2095,train,222,165,0.7107549607753754,-1.5987211554602254e-16,4.587162063593683,14.650273094177246,0.0,0.0,0.0,-602.9215916797007,29920.15916797007,36.0,786.0,50,0.5188679245283019
81,59,10,0,27533.117468075696,14.692901611328125,71,,8,0.1805,train,42,161,0.7568362951278687,-1.021405182655144e-15,3.9490545607061662,14.696456508636475,0.0,0.0,0.0,-364.33117468075693,27533.117468075696,10.0,450.0,50,0.7283950617283951
74,48,21,0,26199.597046495506,14.668618202209473,72,,12,0.142,train,76,129,0.7221849858760834,-8.881784197001253e-18,4.679720776488149,14.662003192901611,0.0,0.0,0.0,-440.575970464955,26199.597046495506,21.0,529.0,50,0.6486486486486487
108,64,25,0,30920.672510957997,14.634568214416504,73,,14,0.1185,train,92,198,0.6961371898651123,2.3092638912203257e-16,5.123552727059712,14.638835201263428,0.0,0.0,0.0,-524.3467251095799,30920.672510957997,25.0,757.0,50,0.5925925925925926
82,48,24,0,27261.209291219933,14.657058715820312,74,,17,0.1945,train,100,140,0.7177430838346481,-3.552713678800501e-17,4.247919889248629,14.665722923278809,0.0,0.0,0.0,-476.0520929121993,27261.209291219933,24.0,572.0,50,0.5853658536585366
92,44,39,0,31398.428696570405,,74,0,22,0.287,eval,382,126,,,5.388210076913254,0.0,0.0,0.0,0.0,-641.4642869657042,31398.428696570405,39.0,774.0,50,0.4782608695652174
97,40,38,0,30535.42198067706,,74,1,30,0.2935,eval,121,107,,,5.02589484748413,0.0,0.0,0.0,0.0,-624.9942198067705,30535.42198067706,38.0,782.0,50,0.41237113402061853
79,39,30,0,27547.82959631311,,74,2,14,0.2125,eval,114,109,,,3.889871108817508,0.0,0.0,0.0,0.0,-527.3582959631312,27547.82959631311,30.0,594.0,50,0.4936708860759494
96,47,28,0,30036.066627319742,,74,3,12,0.206,eval,329,103,,,4.595434236143515,0.0,0.0,0.0,0.0,-538.0006662731976,30036.066627319742,28.0,682.0,50,0.4895833333333333
87,38,36,0,28271.19175162081,,74,4,19,0.238,eval,29,67,,,4.620855433758315,0.0,0.0,0.0,0.0,-584.7919175162083,28271.19175162081,36.0,704.0,50,0.4367816091954023
82,49,25,0,25841.96429993038,14.662973403930664,75,,18,0.258,train,142,154,0.6995474845170975,-5.062616992290713e-16,3.531533955252664,14.661461791992188,0.0,0.0,0.0,-469.4796429993039,25841.96429993038,25.0,553.0,50,0.5975609756097561
87,53,28,0,26620.251277546377,14.652373313903809,76,,20,0.285,train,177,160,0.7188596725463867,3.4638958368304885e-16,4.360028649276501,14.639317741394043,0.0,0.0,0.0,-502.82251277546357,26620.251277546377,28.0,631.0,50,0.6091954022988506
110,58,35,0,29729.901729430112,14.63672161102295,77,,19,0.224,train,111,188,0.7082217782735825,9.769962616701378e-17,5.272759596029245,14.6216548538208,0.0,0.0,0.0,-593.939017294301,29729.901729430112,35.0,832.0,50,0.5272727272727272
97,57,27,0,28259.468497451424,14.685813903808594,78,,21,0.242,train,74,177,0.7510435730218887,-1.7763568394002506e-16,4.488145757241551,14.67915325164795,0.0,0.0,0.0,-512.3946849745141,28259.468497451424,27.0,690.0,50,0.5876288659793815
92,45,35,0,29597.914268279812,14.671467781066895,79,,26,0.3245,train,43,129,0.7378008365631104,1.9539925233402755e-16,5.31549577676131,14.674337310791016,0.0,0.0,0.0,-590.9791426827984,29597.914268279812,35.0,750.0,50,0.4891304347826087
85,58,19,0,24273.039412038073,14.699711799621582,80,,16,0.2495,train,94,196,0.7012809216976166,1.0658141036401502e-16,4.275122541270541,14.707565231323242,0.0,0.0,0.0,-405.75039412038075,24273.039412038073,19.0,551.0,50,0.6823529411764706
69,42,16,0,23469.808723053422,14.705511093139648,81,,16,0.268,train,39,123,0.7644713670015335,-5.329070518200751e-17,3.6014878054508705,14.707469673156739,0.0,0.0,0.0,-371.23808723053423,23469.808723053422,16.0,427.0,50,0.6086956521739131
74,55,12,0,22902.723281202085,14.720328330993652,82,,12,0.2675,train,25,175,0.6647782325744629,-1.3322676295501878e-17,3.1191816014049034,14.721284999847413,0.0,0.0,0.0,-332.4072328120208,22902.723281202085,12.0,369.0,50,0.7432432432432432
128,74,40,0,30901.39083202274,14.63221549987793,83,,30,0.351,train,135,245,0.7617349773645401,-2.575717417130363e-16,5.192145404244895,14.634618186950684,0.0,0.0,0.0,-648.5339083202274,30901.39083202274,40.0,976.0,50,0.578125
108,64,31,0,31034.369894598036,14.640372276306152,84,,22,0.2325,train,92,185,0.7549571245908737,-4.796163466380677e-16,4.801810612166687,14.642687950134277,0.0,0.0,0.0,-573.7036989459805,31034.369894598036,31.0,768.0,50,0.5925925925925926
76,49,19,0,27266.502763209166,14.703237533569336,85,,16,0.222,train,37,133,0.7618671506643295,3.1974423109204507e-16,3.9519015536595177,14.710883445739746,0.0,0.0,0.0,-434.32502763209175,27266.502763209166,19.0,483.0,50,0.6447368421052632
80,48,24,0,26339.555365751363,14.666123390197754,86,,19,0.254,train,150,161,0.7312937527894974,-2.9309887850104134e-16,4.388141617150289,14.67112247467041,0.0,0.0,0.0,-466.61555365751366,26339.555365751363,24.0,561.0,50,0.6
65,40,16,0,24025.158937257907,14.693428039550781,87,,14,0.256,train,99,120,0.652562826871872,6.616929226765933e-16,2.8411426553475287,14.695154514312744,0.0,0.0,0.0,-375.631589372579,24025.158937257907,16.0,369.0,50,0.6153846153846154
95,56,26,0,30970.194084686325,14.616251945495605,88,,18,0.2455,train,107,177,0.7390319257974625,-2.486899575160351e-16,5.51496222685254,14.613735370635986,0.0,0.0,0.0,-532.4619408468631,30970.194084686325,26.0,738.0,50,0.5894736842105263
79,56,17,0,25211.9986629679,14.700550079345703,89,,15,0.219,train,119,167,0.7311691492795944,-6.750155989720952e-16,3.303849735857269,14.691751251220703,0.0,0.0,0.0,-397.5199866296791,25211.9986629679,17.0,470.0,50,0.7088607594936709
88,46,27,0,27308.51906430681,14.668724060058594,90,,19,0.2755,train,103,144,0.7395401149988174,5.417888360170764e-16,4.421923429871713,14.660093307495117,0.0,0.0,0.0,-501.8451906430682,27308.51906430681,27.0,638.0,50,0.5227272727272727
74,45,23,0,25559.845484687205,14.682708740234375,91,,20,0.276,train,24,121,0.7184049934148788,1.865174681370263e-16,4.167188284276434,14.674853363037109,0.0,0.0,0.0,-449.9984548468721,25559.845484687205,23.0,520.0,50,0.6081081081081081
80,53,17,0,27397.01144558605,14.72375774383545,92,,17,0.2015,train,122,151,0.6924190819263458,5.595524044110789e-16,3.8163212273110423,14.717494029998779,0.0,0.0,0.0,-419.3701144558605,27397.01144558605,17.0,470.0,50,0.6625
84,54,18,0,28291.868693195007,14.71400260925293,93,,14,0.218,train,43,148,0.7018797695636749,8.881784197001253e-17,5.234552225643046,14.708028354644775,0.0,0.0,0.0,-438.6386869319501,28291.868693195007,18.0,586.0,50,0.6428571428571429
54,36,9,0,23603.72558495529,14.775981903076172,94,,7,0.2335,train,47,107,0.7761423140764236,2.6645352591003756e-16,3.2733513230037716,14.768143424987793,0.0,0.0,0.0,-314.0972558495529,23603.72558495529,9.0,303.0,50,0.6666666666666666
86,51,27,0,29620.89004022187,14.687419891357422,95,,16,0.1645,train,101,162,0.7561653405427933,-4.796163466380677e-16,5.245880856930065,14.68328691482544,0.0,0.0,0.0,-525.4889004022186,29620.89004022187,27.0,664.0,50,0.5930232558139535
84,48,22,0,27338.430241998896,14.735886573791504,96,,18,0.202,train,126,140,0.7355139255523682,9.059419880941278e-16,3.7204864006624825,14.736214427947997,0.0,0.0,0.0,-461.0443024199891,27338.430241998896,22.0,583.0,50,0.5714285714285714
58,39,9,0,25635.14502894902,14.76553726196289,97,,7,0.2385,train,29,104,0.7632160782814026,3.552713678800501e-16,4.332117977131858,14.758034801483154,0.0,0.0,0.0,-335.25145028949015,25635.14502894902,9.0,345.0,50,0.6724137931034483
74,50,16,0,27653.635598619527,14.777840614318848,98,,13,0.228,train,91,135,0.7376369088888168,-6.128431095930864e-16,4.455108685450582,14.759589939117431,0.0,0.0,0.0,-414.37635598619516,27653.635598619527,16.0,492.0,50,0.6756756756756757
81,55,17,0,28709.642122440087,14.787467002868652,99,,10,0.21,train,118,173,0.7974769473075867,1.9539925233402755e-16,4.784716984947566,14.758688163757324,0.0,0.0,0.0,-434.03642122440084,28709.642122440087,17.0,547.0,50,0.6790123456790124
96,44,38,0,32015.835690333435,,99,0,21,0.295,eval,122,90,,,4.122568283357318,0.0,0.0,0.0,0.0,-639.1183569033341,32015.835690333435,38.0,748.0,50,0.4583333333333333
92,47,34,0,27739.81846089787,,99,1,23,0.2935,eval,33,128,,,5.1835070966392465,0.0,0.0,0.0,0.0,-563.8581846089788,27739.81846089787,34.0,723.0,50,0.5108695652173914
74,34,29,0,27377.22185252704,,99,2,14,0.2125,eval,49,59,,,5.0476653807292635,0.0,0.0,0.0,0.0,-517.9322185252704,27377.22185252704,29.0,608.0,50,0.4594594594594595
92,50,33,0,26668.603897745536,,99,3,15,0.206,eval,993,136,,,4.169788235510082,0.0,0.0,0.0,0.0,-544.0060389774554,26668.603897745536,33.0,666.0,50,0.5434782608695652
91,37,40,0,27701.67013996118,,99,4,22,0.238,eval,39,66,,,5.068122022518585,0.0,0.0,0.0,0.0,-612.4767013996118,27701.67013996118,40.0,773.0,50,0.4065934065934066
95,60,23,0,27850.273832893614,14.816926956176758,100,,15,0.3225,train,182,191,0.7711950242519379,6.128431095930864e-16,4.735618316771958,14.796374416351318,0.0,0.0,0.0,-475.4427383289361,27850.273832893614,23.0,647.0,50,0.631578947368421
78,51,25,0,25042.769850450517,14.830921173095703,101,,21,0.283,train,235,143,0.7468550056219101,-6.217248937900877e-17,3.8405465710897215,14.824725246429443,0.0,0.0,0.0,-461.14769850450534,25042.769850450517,25.0,536.0,50,0.6538461538461539
55,45,8,0,24601.403993853484,14.890277862548828,102,,8,0.216,train,98,133,0.7307359278202057,3.730349362740526e-16,3.0754912242218766,14.88781909942627,0.0,0.0,0.0,-315.2140399385348,24601.403993853484,8.0,260.0,50,0.8181818181818182
72,48,16,0,28207.083246024053,14.82873249053955,103,,11,0.2385,train,88,123,0.7144209891557693,4.529709940470639e-16,4.586851951293309,14.83017780303955,0.0,0.0,0.0,-419.9108324602404,28207.083246024053,16.0,492.0,50,0.6666666666666666
81,51,22,0,25235.879839882073,14.843271255493164,104,,19,0.282,train,229,150,0.6640302985906601,5.329070518200751e-16,3.691855426965757,14.85274227142334,0.0,0.0,0.0,-438.8787983988206,25235.879839882073,22.0,526.0,50,0.6296296296296297
97,59,27,0,27721.865903557467,14.785032272338867,105,,25,0.239,train,117,178,0.7433496862649918,-4.263256414560601e-16,4.281073119717902,14.801684494018554,0.0,0.0,0.0,-506.57865903557456,27721.865903557467,27.0,668.0,50,0.6082474226804123
83,58,13,0,29223.235817179986,14.800566673278809,106,,9,0.2405,train,72,166,0.7607256323099136,-4.884981308350689e-16,3.9360307120661036,14.817529106140137,0.0,0.0,0.0,-405.43235817179976,29223.235817179986,13.0,460.0,50,0.6987951807228916
64,40,14,0,24494.243185295345,14.79054069519043,107,,13,0.2655,train,46,135,0.7360728532075882,5.329070518200751e-17,3.964649901674896,14.796885185241699,0.0,0.0,0.0,-364.9024318529535,24494.243185295345,14.0,398.0,50,0.625
101,56,33,0,27598.92202108136,14.739371299743652,108,,25,0.1865,train,63,173,0.7553509473800659,-8.881784197001253e-18,4.237347441690583,14.73021390914917,0.0,0.0,0.0,-554.5892202108138,27598.92202108136,33.0,730.0,50,0.5544554455445545
93,58,18,0,29178.193410155414,14.793804168701172,109,,14,0.191,train,57,185,0.7611205875873566,-3.4638958368304885e-16,4.496110858750864,14.783492393493653,0.0,0.0,0.0,-447.3619341015541,29178.193410155414,18.0,579.0,50,0.6236559139784946
77,48,19,0,29089.218144512088,14.802241325378418,110,,10,0.245,train,91,147,0.7501639574766159,8.704148513061227e-16,4.932388471325802,14.789869995117188,0.0,0.0,0.0,-453.7521814451209,29089.218144512088,19.0,543.0,50,0.6233766233766234
90,57,21,0,28443.088243492453,14.834200859069824,111,,12,0.2195,train,77,191,0.7570569664239883,6.306066779870889e-16,4.18044114543757,14.812954292297363,0.0,0.0,0.0,-464.15088243492454,28443.088243492453,21.0,586.0,50,0.6333333333333333
97,50,29,0,25570.425850159463,14.841108322143555,112,,26,0.2975,train,31,160,0.761625275015831,0.0,4.167763896104145,14.821711177825927,0.0,0.0,0.0,-501.40425850159465,25570.425850159463,29.0,685.0,50,0.5154639175257731
77,53,18,0,26498.240035463823,14.885334014892578,113,,14,0.255,train,49,158,0.7287959605455399,-5.329070518200751e-17,3.92951045464904,14.878135490417481,0.0,0.0,0.0,-418.6424003546383,26498.240035463823,18.0,483.0,50,0.6883116883116883
86,46,30,0,24301.093642817636,14.866868019104004,114,,26,0.318,train,68,139,0.7524586319923401,-2.220446049250313e-16,3.632288887149749,14.853425750732422,0.0,0.0,0.0,-495.33093642817636,24301.093642817636,30.0,616.0,50,0.5348837209302325
71,49,17,0,28528.868053445338,14.91319465637207,115,,11,0.1925,train,236,132,0.7364136129617691,3.552713678800501e-17,4.129310585245185,14.900176277160645,0.0,0.0,0.0,-430.28868053445336,28528.868053445338,17.0,450.0,50,0.6901408450704225
92,56,21,0,29262.250682569982,14.918797492980957,116,,10,0.2035,train,100,199,0.7755722105503082,-3.552713678800501e-17,4.205986753958355,14.909321098327636,0.0,0.0,0.0,-472.5825068256999,29262.250682569982,21.0,598.0,50,0.6086956521739131
92,66,19,0,28883.06340243686,14.9268798828125,117,,10,0.186,train,97,211,0.7327500134706497,2.1316282072803005e-16,4.006828573861963,14.919459495544434,0.0,0.0,0.0,-452.1506340243686,28883.06340243686,19.0,566.0,50,0.717391304347826
64,46,13,0,24473.42364771378,14.947101593017578,118,,12,0.204,train,101,132,0.74007248878479,2.486899575160351e-16,3.4028928800603118,14.952925148010253,0.0,0.0,0.0,-356.034236477138,24473.42364771378,13.0,365.0,50,0.71875
74,42,21,0,26503.45126924718,14.915410041809082,119,,16,0.279,train,22,127,0.7373493164777756,-2.042810365310288e-16,3.775445383461959,14.918309497833253,0.0,0.0,0.0,-443.1345126924719,26503.45126924718,21.0,505.0,50,0.5675675675675675
74,44,22,0,24198.30654088659,14.92236042022705,120,,17,0.2495,train,209,140,0.7377087026834488,-9.769962616701378e-17,3.459690554148432,14.920439453125,0.0,0.0,0.0,-427.52306540886593,24198.30654088659,22.0,477.0,50,0.5945945945945946
72,48,18,0,26579.40176223402,14.923933982849121,121,,13,0.2125,train,92,160,0.7748635709285736,-6.128431095930864e-16,4.08957980633028,14.921962604522705,0.0,0.0,0.0,-418.95401762234025,26579.40176223402,18.0,458.0,50,0.6666666666666666
75,52,11,0,27021.673843420194,14.950766563415527,122,,8,0.2475,train,89,156,0.7609737068414688,8.704148513061227e-16,3.847909930646419,14.94433235168457,0.0,0.0,0.0,-366.7167384342019,27021.673843420194,11.0,425.0,50,0.6933333333333334
71,46,18,0,25640.804411221598,14.938821792602539,123,,16,0.2945,train,33,131,0.7661827504634857,7.727152251391089e-16,4.3734724904137,14.934675388336181,0.0,0.0,0.0,-410.128044112216,25640.804411221598,18.0,486.0,50,0.647887323943662
103,65,24,0,27208.371877450205,14.92937183380127,124,,21,0.222,train,30,206,0.7635004669427872,2.842170943040401e-16,4.285126672717916,14.926844100952149,0.0,0.0,0.0,-477.8037187745021,27208.371877450205,24.0,686.0,50,0.6310679611650486
102,51,40,0,33373.68310922785,,124,0,18,0.3015,eval,64,102,,,4.878691702138596,0.0,0.0,0.0,0.0,-669.9768310922785,33373.68310922785,40.0,812.0,50,0.5
101,47,39,0,28236.55492132574,,124,1,28,0.2845,eval,44,116,,,4.982782688294726,0.0,0.0,0.0,0.0,-610.4455492132572,28236.55492132574,39.0,804.0,50,0.46534653465346537
74,35,31,0,28423.740155248735,,124,2,19,0.2125,eval,260,94,,,5.5633881016249225,0.0,0.0,0.0,0.0,-544.8174015524874,28423.740155248735,31.0,629.0,50,0.47297297297297297
90,44,33,0,31013.977230797536,,124,3,14,0.206,eval,47,91,,,5.488344258146224,0.0,0.0,0.0,0.0,-588.6797723079756,31013.977230797536,33.0,727.0,50,0.4888888888888889
92,29,46,0,29814.518239307996,,124,4,29,0.238,eval,163,72,,,4.3201928336267486,0.0,0.0,0.0,0.0,-681.9651823930798,29814.518239307996,46.0,791.0,50,0.31521739130434784
75,47,16,0,27473.862095472472,14.950968742370605,125,,9,0.173,train,55,158,0.7573890835046768,-4.796163466380677e-16,4.761951083708849,14.948324451446533,0.0,0.0,0.0,-412.8586209547247,27473.862095472472,16.0,506.0,50,0.6266666666666667
78,43,28,0,25592.009464137056,14.946866989135742,126,,21,0.2915,train,76,127,0.7756626605987549,-3.108624468950438e-16,3.6731246193472877,14.947388229370118,0.0,0.0,0.0,-490.9800946413706,25592.009464137056,28.0,553.0,50,0.5512820512820513
103,61,23,0,25863.744671433913,14.922022819519043,127,,19,0.215,train,96,213,0.756709098815918,4.1744385725905884e-16,4.01673544743334,14.922395267486571,0.0,0.0,0.0,-456.17744671433906,25863.744671433913,23.0,677.0,50,0.5922330097087378
86,62,12,0,31943.230262584475,14.971172332763672,128,,4,0.1205,train,66,187,0.7663990706205368,6.750155989720952e-16,5.038242697281512,14.965418014526367,0.0,0.0,0.0,-426.75230262584466,31943.230262584475,12.0,566.0,50,0.7209302325581395
93,50,25,0,27039.20287825641,14.934436798095703,129,,18,0.182,train,99,168,0.7693060487508774,-7.460698725481052e-16,4.760955473376489,14.930373764038086,0.0,0.0,0.0,-483.59202878256417,27039.20287825641,25.0,660.0,50,0.5376344086021505
96,60,21,0,31305.066214370934,14.956868171691895,130,,11,0.1955,train,66,172,0.7662828117609024,-8.881784197001253e-17,4.074143524420012,14.953493595123291,0.0,0.0,0.0,-493.1106621437095,31305.066214370934,21.0,603.0,50,0.625
61,43,6,0,25071.597249600993,14.989391326904297,131,,6,0.2285,train,26,129,0.7659391760826111,3.641531520770513e-16,4.04762646617587,14.984218158721923,0.0,0.0,0.0,-305.17597249600993,25071.597249600993,6.0,323.0,50,0.7049180327868853
70,46,19,0,25639.68721096171,14.98517894744873,132,,10,0.1575,train,126,140,0.7641653120517731,-7.993605777301127e-16,3.6102911994567615,14.978462295532227,0.0,0.0,0.0,-417.1768721096172,25639.68721096171,19.0,439.0,50,0.6571428571428571
80,41,25,0,22792.36201087872,14.979337692260742,133,,25,0.2625,train,109,150,0.7652324289083481,8.881784197001253e-18,3.0497248445531286,14.969897403717042,0.0,0.0,0.0,-438.16362010878737,22792.36201087872,25.0,512.0,50,0.5125
72,51,14,0,24093.20135617132,15.0295991897583,134,,14,0.213,train,109,170,0.723492756485939,-7.105427357601002e-16,2.950511506499376,15.019383659362793,0.0,0.0,0.0,-360.55201356171324,24093.20135617132,14.0,381.0,50,0.7083333333333334
120,63,39,0,29606.853795023097,14.973974227905273,135,,26,0.2435,train,160,218,0.7641233503818512,6.750155989720952e-16,4.515774335827441,14.960374450683593,0.0,0.0,0.0,-626.0485379502311,29606.853795023097,39.0,899.0,50,0.525
90,52,22,0,28631.65244173856,15.032691955566406,136,,17,0.289,train,91,157,0.7645853012800217,-1.9539925233402755e-16,4.878429865099039,15.019866046905518,0.0,0.0,0.0,-475.3365244173857,28631.65244173856,22.0,651.0,50,0.5777777777777777
92,60,18,0,26216.719304615537,15.064927101135254,137,,16,0.315,train,85,179,0.7512259483337402,7.105427357601002e-17,4.13856544059284,15.056103267669677,0.0,0.0,0.0,-417.6871930461553,26216.719304615537,18.0,576.0,50,0.6521739130434783
131,73,40,0,29689.1472490904,15.016321182250977,138,,25,0.216,train,124,259,0.7699140459299088,-3.641531520770513e-16,4.885607813891609,15.010559959411621,0.0,0.0,0.0,-636.211472490904,29689.1472490904,40.0,966.0,50,0.5572519083969466
108,56,39,0,30428.947450454845,15.0355863571167,139,,28,0.3215,train,308,172,0.7652260959148407,-1.1546319456101628e-16,5.082103412928239,15.03253791809082,0.0,0.0,0.0,-633.4094745045483,30428.947450454845,39.0,856.0,50,0.5185185185185185
78,57,17,0,26076.33844737707,15.072726249694824,140,,15,0.176,train,39,177,0.7531760931015015,-1.1546319456101628e-16,4.180174250911832,15.072474327087402,0.0,0.0,0.0,-406.84338447377075,26076.33844737707,17.0,504.0,50,0.7307692307692307
70,49,14,0,28457.35705273889,15.074363708496094,141,,9,0.209,train,31,145,0.7250010520219803,-6.039613253960852e-16,4.843779203340699,15.07275224685669,0.0,0.0,0.0,-405.753570527389,28457.35705273889,14.0,459.0,50,0.7
81,63,15,0,29873.67535273684,15.073859214782715,142,,10,0.2285,train,144,180,0.744962215423584,2.1316282072803005e-16,4.669662123346514,15.065208358764648,0.0,0.0,0.0,-429.2567535273684,29873.67535273684,15.0,526.0,50,0.7777777777777778
50,32,13,0,22846.767249427146,15.126145362854004,143,,13,0.3145,train,23,88,0.7499066889286041,-6.483702463810914e-16,2.677855934473458,15.113809833526611,0.0,0.0,0.0,-338.2276724942715,22846.767249427146,13.0,288.0,50,0.64
98,55,25,0,28820.62767951908,15.096559524536133,144,,21,0.2045,train,157,172,0.7456720769405365,6.217248937900877e-17,4.473810777171945,15.087324333190917,0.0,0.0,0.0,-502.0662767951908,28820.62767951908,25.0,693.0,50,0.5612244897959183
95,44,35,0,23138.3492077042,15.103142738342285,145,,27,0.2065,train,121,165,0.670603021979332,3.641531520770513e-16,3.1266773154171053,15.101248664855957,0.0,0.0,0.0,-524.7634920770421,23138.3492077042,35.0,669.0,50,0.4631578947368421
61,41,15,0,23489.926589321487,15.12608528137207,146,,14,0.222,train,101,123,0.7641999274492264,-4.085620730620576e-16,3.3795539506097776,15.126637229919433,0.0,0.0,0.0,-362.15926589321487,23489.926589321487,15.0,363.0,50,0.6721311475409836
123,80,27,0,31966.946538894095,15.108248710632324,147,,22,0.2305,train,145,231,0.7921217978000641,3.641531520770513e-16,5.015779493818414,15.104405498504638,0.0,0.0,0.0,-552.5894653889409,31966.946538894095,27.0,846.0,50,0.6504065040650406
83,51,22,0,27470.494530265427,15.114479064941406,148,,17,0.2005,train,53,146,0.7511875629425049,-4.440892098500626e-16,4.88529817926911,15.107997608184814,0.0,0.0,0.0,-462.76494530265427,27470.494530265427,22.0,603.0,50,0.6144578313253012
93,58,23,0,25652.83581652009,15.138940811157227,149,,20,0.2205,train,83,195,0.7220075726509094,7.815970093361102e-16,3.0917197707202804,15.134000396728515,0.0,0.0,0.0,-451.4283581652009,25652.83581652009,23.0,545.0,50,0.6236559139784946
101,56,35,0,27653.800592683565,,149,0,19,0.295,eval,81,192,,,4.71238303370477,0.0,0.0,0.0,0.0,-571.8180059268354,27653.800592683565,35.0,764.0,50,0.5544554455445545
95,37,46,0,25761.37618387212,,149,1,37,0.2935,eval,168,116,,,3.379477555145575,0.0,0.0,0.0,0.0,-640.833761838721,25761.37618387212,46.0,761.0,50,0.3894736842105263
82,45,27,0,23601.395269266675,,149,2,14,0.2125,eval,24,159,,,3.290155262083609,0.0,0.0,0.0,0.0,-463.21395269266674,23601.395269266675,27.0,560.0,50,0.5487804878048781
97,51,36,0,28422.14148098219,,149,3,19,0.206,eval,843,157,,,4.787081050136311,0.0,0.0,0.0,0.0,-586.7814148098221,28422.14148098219,36.0,728.0,50,0.5257731958762887
89,52,29,0,24766.10305408124,,149,4,17,0.238,eval,70,148,,,4.1028470511302295,0.0,0.0,0.0,0.0,-492.44103054081245,24766.10305408124,29.0,639.0,50,0.5842696629213483
59,45,9,0,21572.85051975031,15.155722618103027,150,,7,0.197,train,85,146,0.7624941468238831,2.1316282072803005e-16,2.5868827049287777,15.15216287612915,0.0,0.0,0.0,-292.9685051975031,21572.85051975031,9.0,262.0,50,0.7627118644067796
91,52,29,0,26972.759462361868,15.116385459899902,151,,26,0.257,train,99,142,0.812504917383194,-3.552713678800501e-16,3.6132292722311323,15.11398452758789,0.0,0.0,0.0,-513.6875946236187,26972.759462361868,29.0,598.0,50,0.5714285714285714
94,68,19,0,26715.34732240648,15.129348754882812,152,,14,0.2235,train,96,221,0.7685611546039581,-1.509903313490213e-16,3.837162034964255,15.130302352905273,0.0,0.0,0.0,-430.57347322406486,26715.34732240648,19.0,571.0,50,0.723404255319149
94,60,26,0,29455.913605930513,15.118474960327148,153,,23,0.208,train,42,183,0.7450983673334122,-1.509903313490213e-16,4.438801761414665,15.119160900115967,0.0,0.0,0.0,-515.699136059305,29455.913605930513,26.0,657.0,50,0.6382978723404256
103,59,28,0,27402.615180303,15.130395889282227,154,,20,0.261,train,91,199,0.7609132677316666,-4.529709940470639e-16,3.8031642012280202,15.126838512420655,0.0,0.0,0.0,-511.32615180303,27402.615180303,28.0,665.0,50,0.5728155339805825
93,66,19,0,26072.946069231057,15.142828941345215,155,,12,0.154,train,177,220,0.7236665189266205,-7.993605777301127e-17,4.682960393664115,15.139079341888428,0.0,0.0,0.0,-425.00946069231054,26072.946069231057,19.0,614.0,50,0.7096774193548387
95,63,22,0,27632.96948661955,15.119490623474121,156,,11,0.209,train,114,217,0.7397659569978714,7.105427357601002e-17,3.8909967002162182,15.118682556152343,0.0,0.0,0.0,-463.9896948661956,27632.96948661955,22.0,583.0,50,0.6631578947368421
78,45,26,0,24371.66552947864,15.12306022644043,157,,21,0.2665,train,72,154,0.7654337882995605,0.0,4.237786291550413,15.123139324188232,0.0,0.0,0.0,-463.0766552947865,24371.66552947864,26.0,568.0,50,0.5769230769230769
111,58,35,0,28445.840792082607,15.104938507080078,158,,18,0.231,train,173,208,0.7818974256515503,-8.171241461241152e-16,4.608517156649147,15.106339931488037,0.0,0.0,0.0,-580.9184079208261,28445.840792082607,35.0,823.0,50,0.5225225225225225
81,41,27,0,26778.57172188435,15.12256145477295,159,,23,0.293,train,70,134,0.765434205532074,-6.039613253960852e-16,5.344080156741605,15.123025665283203,0.0,0.0,0.0,-496.3657172188436,26778.57172188435,27.0,629.0,50,0.5061728395061729
91,63,14,0,29153.66418926807,15.139240264892578,160,,9,0.164,train,46,199,0.7702032327651978,4.440892098500626e-16,4.295911210306168,15.140386276245117,0.0,0.0,0.0,-414.4766418926807,29153.66418926807,14.0,547.0,50,0.6923076923076923
55,42,12,0,21796.87183006102,15.150934219360352,161,,12,0.247,train,28,138,0.7793237268924713,-2.3980817331903383e-16,2.337136634694793,15.158477764129639,0.0,0.0,0.0,-319.3087183006102,21796.87183006102,12.0,267.0,50,0.7636363636363637
108,52,40,0,28270.929964132964,15.071616172790527,162,,26,0.2935,train,127,201,0.8605716377496719,-2.9309887850104134e-16,5.5098966519028965,15.081470470428467,0.0,0.0,0.0,-620.3892996413297,28270.929964132964,40.0,884.0,50,0.48148148148148145
64,47,12,0,25502.86369457368,15.123079299926758,163,,12,0.1745,train,45,141,0.7364086657762527,1.7763568394002506e-16,3.176782654149511,15.129841403961182,0.0,0.0,0.0,-357.76863694573666,25502.86369457368,12.0,337.0,50,0.734375
104,48,42,0,26903.06338813063,15.064838409423828,164,,32,0.241,train,140,168,0.8105282485485077,-1.509903313490213e-16,4.271519684052289,15.07134370803833,0.0,0.0,0.0,-621.2106338813063,26903.06338813063,42.0,809.0,50,0.46153846153846156
61,39,14,0,22851.785998964464,15.112892150878906,165,,13,0.223,train,64,120,0.7580057233572006,-2.3092638912203257e-16,3.132018673129378,15.118183517456055,0.0,0.0,0.0,-347.7178599896447,22851.785998964464,14.0,360.0,50,0.639344262295082
67,48,13,0,24986.24671149664,15.088595390319824,166,,11,0.2895,train,66,132,0.8004430532455444,-2.9309887850104134e-16,3.4423021724380263,15.096939315795899,0.0,0.0,0.0,-361.46246711496644,24986.24671149664,13.0,380.0,50,0.7164179104477612
76,53,13,0,27237.21285272573,15.089557647705078,167,,10,0.295,train,35,146,0.8000598400831223,1.7763568394002506e-16,3.9140081156474023,15.098446788787841,0.0,0.0,0.0,-385.1321285272573,27237.21285272573,13.0,438.0,50,0.6973684210526315
68,47,19,0,23903.687973199532,15.049242973327637,168,,18,0.298,train,67,150,0.7913511395454407,6.217248937900877e-17,3.86606157939343,15.057972621917724,0.0,0.0,0.0,-399.9768797319954,23903.687973199532,19.0,447.0,50,0.6911764705882353
90,58,21,0,25520.79286588662,15.043525695800781,169,,14,0.2135,train,122,207,0.7857781946659088,-8.171241461241152e-16,4.346064191017489,15.057083206176758,0.0,0.0,0.0,-434.8479286588662,25520.79286588662,21.0,582.0,50,0.6444444444444445
98,43,38,0,22137.319171116156,15.006715774536133,170,,37,0.3495,train,48,156,0.7672878205776215,1.865174681370263e-16,3.3734244804684765,15.020880012512206,0.0,0.0,0.0,-539.5731917111616,22137.319171116156,38.0,710.0,50,0.4387755102040816
86,45,26,0,25121.739960748706,14.971643447875977,171,,16,0.235,train,151,173,0.7715430855751038,-3.9968028886505636e-16,4.241391079357869,14.980849685668945,0.0,0.0,0.0,-471.51739960748716,25121.739960748706,26.0,615.0,50,0.5232558139534884
101,47,42,0,23421.828369941555,14.991494178771973,172,,41,0.3465,train,61,145,0.7594246566295624,-3.641531520770513e-16,3.3756746034541987,15.00035961151123,0.0,0.0,0.0,-584.8582836994156,23421.828369941555,42.0,732.0,50,0.46534653465346537
93,60,22,0,25348.73479622361,14.976845741271973,173,,20,0.2005,train,60,202,0.7845868915319443,-3.730349362740526e-16,3.5835423825167636,14.982682628631592,0.0,0.0,0.0,-440.8273479622361,25348.73479622361,22.0,567.0,50,0.6451612903225806
78,46,22,0,24809.10406359586,14.982599258422852,174,,19,0.2035,train,66,133,0.7516134977340698,2.042810365310288e-16,3.833864222318509,14.984653625488281,0.0,0.0,0.0,-434.67104063595866,24809.10406359586,22.0,529.0,50,0.5897435897435898
105,56,36,0,24945.969503157172,,174,0,18,0.3015,eval,259,213,,,3.62027130664979,0.0,0.0,0.0,0.0,-552.3596950315717,24945.969503157172,36.0,745.0,50,0.5333333333333333
97,46,35,0,25857.777819568593,,174,1,25,0.2845,eval,189,150,,,4.30258295586043,0.0,0.0,0.0,0.0,-552.817778195686,25857.777819568593,35.0,712.0,50,0.4742268041237113
82,46,26,0,25001.016245712686,,174,2,13,0.2125,eval,206,151,,,3.3606925150630835,0.0,0.0,0.0,0.0,-469.09016245712684,25001.016245712686,26.0,554.0,50,0.5609756097560976
94,41,36,0,26070.603486133845,,174,3,14,0.206,eval,114,129,,,4.232098565762364,0.0,0.0,0.0,0.0,-563.1660348613386,26070.603486133845,36.0,723.0,50,0.43617021276595747
90,43,39,0,24778.100361671233,,174,4,23,0.238,eval,232,161,,,4.565018023104018,0.0,0.0,0.0,0.0,-574.3210036167123,24778.100361671233,39.0,727.0,50,0.4777777777777778
89,67,17,0,26473.206065807088,14.987090110778809,175,,14,0.1665,train,107,209,0.7808304876089096,4.263256414560601e-16,4.386537798950191,14.990570602416993,0.0,0.0,0.0,-411.55206065807073,26473.206065807088,17.0,541.0,50,0.7528089887640449
93,73,7,0,28530.13609934491,14.9923677444458,176,,4,0.139,train,52,221,0.7589417099952698,-1.7763568394002506e-16,4.57951107339668,14.997486896514893,0.0,0.0,0.0,-351.7613609934491,28530.13609934491,7.0,523.0,50,0.7849462365591398
80,46,23,0,26060.191735191293,14.954636573791504,177,,18,0.231,train,54,135,0.7506264448165894,3.2862601528904633e-16,4.582134135455278,14.956992511749268,0.0,0.0,0.0,-455.881917351913,26060.191735191293,23.0,564.0,50,0.575
95,63,21,0,28671.66353214285,14.950983047485352,178,,12,0.126,train,233,214,0.7464890778064728,-6.039613253960852e-16,4.115290241620258,14.955695190429687,0.0,0.0,0.0,-466.7766353214286,28671.66353214285,21.0,603.0,50,0.6631578947368421
73,37,25,0,23169.471357650644,14.955652236938477,179,,21,0.368,train,141,130,0.7517397999763489,-8.08242361927114e-16,3.2103732565623533,14.963949489593507,0.0,0.0,0.0,-441.53471357650636,23169.471357650644,25.0,492.0,50,0.5068493150684932
78,51,19,0,26887.78429036074,14.924012184143066,180,,11,0.1865,train,90,168,0.7811434119939804,-8.260059303211165e-16,4.519574789173583,14.938051528930664,0.0,0.0,0.0,-430.8978429036075,26887.78429036074,19.0,501.0,50,0.6538461538461539
98,47,37,0,24304.16857167893,14.884139060974121,181,,33,0.3575,train,203,164,0.8631253391504288,7.01660951563099e-16,3.205691917330159,14.905484867095947,0.0,0.0,0.0,-553.1416857167891,24304.16857167893,37.0,705.0,50,0.47959183673469385
101,58,30,0,23874.15446470536,14.864181518554688,182,,30,0.2655,train,29,192,0.8013334721326828,-5.240252676230739e-16,3.919409649356855,14.882518939971924,0.0,0.0,0.0,-492.0815446470537,23874.15446470536,30.0,667.0,50,0.5742574257425742
89,57,19,0,24210.038991265516,14.871856689453125,183,,15,0.3135,train,290,186,0.7691747099161148,-1.7763568394002505e-17,3.3155085033435467,14.884591960906983,0.0,0.0,0.0,-404.2803899126551,24210.038991265516,19.0,509.0,50,0.6404494382022472
78,53,20,0,23629.53836342556,14.868857383728027,184,,15,0.239,train,72,183,0.7652879655361176,-4.4408920985006264e-17,3.683972212753146,14.878686084747315,0.0,0.0,0.0,-406.2753836342556,23629.53836342556,20.0,499.0,50,0.6794871794871795
79,43,25,0,24635.889043430954,14.823041915893555,185,,17,0.28,train,93,140,0.8005807548761368,-7.194245199571015e-16,4.347831185675868,14.829666881561279,0.0,0.0,0.0,-457.8188904343096,24635.889043430954,25.0,573.0,50,0.5443037974683544
76,56,12,0,26392.811582585116,14.86485481262207,186,,8,0.282,train,118,183,0.7821522504091263,8.881784197001253e-17,3.6292188869002353,14.868978004455567,0.0,0.0,0.0,-368.0481158258512,26392.811582585116,12.0,406.0,50,0.7368421052631579
113,59,35,0,27309.103748354566,14.790462493896484,187,,27,0.2465,train,114,205,0.8004395812749863,2.3980817331903383e-16,4.450776586815424,14.793609886169433,0.0,0.0,0.0,-569.1510374835457,27309.103748354566,35.0,803.0,50,0.5221238938053098
89,51,29,0,25899.342160644588,14.81244945526123,188,,20,0.219,train,485,174,0.7529888302087784,-3.108624468950438e-16,3.3732870309559617,14.816780071258545,0.0,0.0,0.0,-502.8334216064459,25899.342160644588,29.0,592.0,50,0.5730337078651685
82,52,20,0,24759.014379386565,14.812292098999023,189,,15,0.264,train,107,180,0.7491293847560883,3.9968028886505636e-16,3.394559221101404,14.813863487243653,0.0,0.0,0.0,-417.7501437938657,24759.014379386565,20.0,508.0,50,0.6341463414634146
78,60,14,0,24652.445710476935,14.859010696411133,190,,11,0.253,train,121,189,0.854826033115387,-5.062616992290713e-16,3.6420199918777616,14.86079532623291,0.0,0.0,0.0,-367.20445710476935,24652.445710476935,14.0,434.0,50,0.7692307692307693
78,49,16,0,24811.090031874457,14.830434799194336,191,,13,0.2425,train,85,175,0.8164194226264954,1.1546319456101628e-16,3.6476618710248303,14.832252540588378,0.0,0.0,0.0,-385.4509003187446,24811.090031874457,16.0,467.0,50,0.6282051282051282
84,57,16,0,25425.466368911588,14.81766128540039,192,,10,0.2265,train,126,196,0.8101195842027664,7.727152251391089e-16,3.7676775222190737,14.812318840026855,0.0,0.0,0.0,-392.23466368911596,25425.466368911588,16.0,499.0,50,0.6785714285714286
98,58,28,0,25618.347009702775,14.783278465270996,193,,23,0.315,train,75,201,0.7888461500406265,1.092459456231154e-15,3.970232171247184,14.788101501464844,0.0,0.0,0.0,-492.96347009702765,25618.347009702775,28.0,639.0,50,0.5918367346938775
91,69,13,0,26697.17645522507,14.845071792602539,194,,8,0.2155,train,59,225,0.764066219329834,-2.842170943040401e-16,3.869510496947382,14.845625324249268,0.0,0.0,0.0,-380.99176455225063,26697.17645522507,13.0,501.0,50,0.7582417582417582
62,50,7,0,24468.867253853256,14.888463973999023,195,,5,0.155,train,90,169,0.8039584755897522,-6.927791673660977e-16,3.3466075989713904,14.879038543701173,0.0,0.0,0.0,-306.70867253853254,24468.867253853256,7.0,301.0,50,0.8064516129032258
95,58,28,0,23838.148538384023,14.830349922180176,196,,28,0.308,train,40,171,0.7583536356687546,3.019806626980426e-16,4.102548227089707,14.827121334075928,0.0,0.0,0.0,-475.3014853838404,23838.148538384023,28.0,646.0,50,0.6105263157894737
68,53,11,0,25419.8080971819,14.825243949890137,197,,6,0.2785,train,129,156,0.809489518404007,1.1546319456101628e-15,3.8179223523031887,14.83967571258545,0.0,0.0,0.0,-349.85808097181905,25419.8080971819,11.0,383.0,50,0.7794117647058824
116,61,38,0,26511.115594042938,14.741738319396973,198,,25,0.2985,train,219,213,0.759222224354744,-2.842170943040401e-16,4.000528276693678,14.76856388092041,0.0,0.0,0.0,-584.8511559404293,26511.115594042938,38.0,787.0,50,0.5258620689655172
91,67,19,0,26601.739368418053,14.730217933654785,199,,13,0.209,train,85,235,0.7762573957443237,-8.348877145181177e-16,4.502004592912171,14.75730239868164,0.0,0.0,0.0,-429.4973936841805,26601.739368418053,19.0,574.0,50,0.7362637362637363
102,69,25,0,24953.17291734515,,199,0,20,0.295,eval,90,233,,,3.087858156846002,0.0,0.0,0.0,0.0,-461.17172917345147,24953.17291734515,25.0,582.0,50,0.6764705882352942
101,47,37,0,23768.91816578332,,199,1,28,0.2935,eval,102,180,,,4.01780735222575,0.0,0.0,0.0,0.0,-548.2491816578332,23768.91816578332,37.0,728.0,50,0.46534653465346537
80,46,25,0,22648.126507622852,,199,2,15,0.2125,eval,214,175,,,3.665214620867323,0.0,0.0,0.0,0.0,-436.98126507622857,22648.126507622852,25.0,525.0,50,0.575
103,50,39,0,23869.350403769735,,199,3,17,0.206,eval,208,194,,,3.3875235559651626,0.0,0.0,0.0,0.0,-565.1935040376975,23869.350403769735,39.0,725.0,50,0.4854368932038835
88,47,33,0,24737.34380320592,,199,4,18,0.238,eval,142,159,,,3.6104639405720205,0.0,0.0,0.0,0.0,-524.0534380320591,24737.34380320592,33.0,634.0,50,0.5340909090909091
71,50,14,0,24416.20111220796,14.753519058227539,200,,9,0.253,train,341,161,0.6617629081010818,3.9523939676655573e-16,3.248723014268787,14.778325920104981,0.0,0.0,0.0,-364.04201112207966,24416.20111220796,14.0,394.0,50,0.704225352112676
81,57,16,0,27681.88950180742,14.68934440612793,201,,7,0.0905,train,60,186,0.7703227400779724,-1.0125233984581427e-15,3.6423730080389136,14.719431228637696,0.0,0.0,0.0,-414.1188950180742,27681.88950180742,16.0,465.0,50,0.7037037037037037
116,73,28,0,30264.6987720774,14.581321716308594,202,,14,0.201,train,137,248,0.8150453716516495,1.5987211554602254e-16,5.002950776170617,14.605960845947266,0.0,0.0,0.0,-542.806987720774,30264.6987720774,28.0,808.0,50,0.6293103448275862
98,60,23,0,23102.058203423217,14.645804405212402,203,,20,0.2375,train,140,214,0.797559380531311,5.950795411990839e-16,3.8479018599366044,14.647061977386475,0.0,0.0,0.0,-427.4605820342322,23102.058203423217,23.0,622.0,50,0.6122448979591837
96,68,23,0,27518.068165181434,14.638421058654785,204,,18,0.1385,train,80,220,0.7585277706384659,-2.486899575160351e-16,4.990663966196818,14.622587776184082,0.0,0.0,0.0,-472.8006816518144,27518.068165181434,23.0,681.0,50,0.7083333333333334
77,42,27,0,25604.508904286304,14.648038864135742,205,,20,0.2635,train,157,144,0.698245495557785,2.042810365310288e-16,3.8460458592074525,14.630919647216796,0.0,0.0,0.0,-482.865089042863,25604.508904286304,27.0,541.0,50,0.5454545454545454
83,53,21,0,27647.657087547443,14.683213233947754,206,,14,0.1495,train,77,167,0.788547933101654,-5.329070518200751e-17,3.5739816196545213,14.673161544799804,0.0,0.0,0.0,-454.4765708754745,27647.657087547443,21.0,500.0,50,0.6385542168674698
78,60,14,0,24743.63694079852,14.735464096069336,207,,13,0.298,train,19,185,0.6677599102258682,-1.0391687510491465e-15,3.4425175170349367,14.726621150970459,0.0,0.0,0.0,-367.7963694079852,24743.63694079852,14.0,418.0,50,0.7692307692307693
97,62,21,0,24733.804702419362,14.738232612609863,208,,21,0.1975,train,27,195,0.8162058293819427,1.0658141036401502e-15,3.649569199716628,14.744786052703857,0.0,0.0,0.0,-426.6780470241937,24733.804702419362,21.0,567.0,50,0.6391752577319587
104,65,19,0,25916.640307325793,14.671464920043945,209,,17,0.25,train,90,232,0.7953081130981445,5.773159728050814e-16,4.162704344650059,14.690933647155761,0.0,0.0,0.0,-424.3264030732579,25916.640307325793,19.0,658.0,50,0.625
74,39,29,0,23573.120528563457,14.637371063232422,210,,26,0.309,train,181,122,0.795083150267601,1.9539925233402755e-16,2.9787485168876073,14.654139595031738,0.0,0.0,0.0,-477.8912052856345,23573.120528563457,29.0,508.0,50,0.527027027027027
110,75,26,0,27034.896388161775,14.619046211242676,211,,16,0.2055,train,190,263,0.7721932381391525,1.0036416142611414e-15,4.227389562964492,14.616060314178467,0.0,0.0,0.0,-492.88896388161777,27034.896388161775,26.0,727.0,50,0.6818181818181818
85,59,14,0,23521.6950554083,14.682186126708984,212,,11,0.1885,train,73,205,0.677688404917717,1.3322676295501878e-16,3.7800830049434286,14.669647712707519,0.0,0.0,0.0,-357.0169505540832,23521.6950554083,14.0,490.0,50,0.6941176470588235
61,40,17,0,23359.04232116031,14.698090553283691,213,,11,0.3595,train,235,143,0.7502550631761551,6.794564910705958e-16,3.4008774073331067,14.694093990325928,0.0,0.0,0.0,-377.33042321160303,23359.04232116031,17.0,387.0,50,0.6557377049180327
131,86,29,0,28132.272988239205,14.631582260131836,214,,26,0.3665,train,102,292,0.7581395953893661,1.7763568394002506e-16,4.464454759787282,14.624746551513672,0.0,0.0,0.0,-530.0827298823921,28132.272988239205,29.0,838.0,50,0.6564885496183206
69,52,11,0,25902.553691147103,14.726728439331055,215,,8,0.229,train,92,174,0.6295734643936157,2.353672812205332e-16,4.240665734158959,14.721067066192626,0.0,0.0,0.0,-355.28553691147096,25902.553691147103,11.0,413.0,50,0.7536231884057971
93,48,34,0,23722.10352058585,14.647239685058594,216,,26,0.2405,train,121,179,0.8002122491598129,5.773159728050814e-16,4.009669503241757,14.642008380889893,0.0,0.0,0.0,-522.8210352058584,23722.10352058585,34.0,680.0,50,0.5161290322580645
82,46,24,0,23641.101286291312,14.701650619506836,217,,18,0.2585,train,153,169,0.7496615201234818,5.595524044110789e-16,4.102768852176637,14.695500259399415,0.0,0.0,0.0,-439.65101286291315,23641.101286291312,24.0,562.0,50,0.5609756097560976
81,49,19,0,23939.344190304175,14.768896102905273,218,,15,0.3035,train,171,177,0.7914455235004425,1.509903313490213e-16,2.6214003164113358,14.756930389404296,0.0,0.0,0.0,-400.63344190304184,23939.344190304175,19.0,462.0,50,0.6049382716049383
56,43,9,0,21823.179266562256,14.814273834228516,219,,7,0.1945,train,155,136,0.7749534696340561,4.4408920985006264e-17,2.596662581593114,14.78917667388916,0.0,0.0,0.0,-295.47179266562256,21823.179266562256,9.0,262.0,50,0.7678571428571429
82,52,22,0,24591.00725250675,14.79162311553955,220,,22,0.2935,train,52,153,0.7738533318042755,9.681144774731366e-16,3.7416990384819377,14.762508506774902,0.0,0.0,0.0,-432.07007252506753,24591.00725250675,22.0,508.0,50,0.6341463414634146
97,64,22,0,24575.739070769192,14.829207420349121,221,,17,0.252,train,168,222,0.8269476592540741,1.8118839761882555e-15,3.97860690249139,14.812643585205079,0.0,0.0,0.0,-433.95739070769196,24575.739070769192,22.0,610.0,50,0.6597938144329897
76,44,24,0,23908.99792324697,14.811614990234375,222,,21,0.323,train,142,148,0.739470973610878,4.263256414560601e-16,4.014470141398999,14.810461635589599,0.0,0.0,0.0,-441.90997923246965,23908.99792324697,24.0,541.0,50,0.5789473684210527
78,48,23,0,25488.176307306207,14.819405555725098,223,,21,0.327,train,106,137,0.8055477887392044,5.417888360170764e-16,3.3578077790084233,14.818708477020264,0.0,0.0,0.0,-448.881763073062,25488.176307306207,23.0,500.0,50,0.6153846153846154
75,38,29,0,24527.376445280872,14.827373504638672,224,,27,0.3465,train,41,124,0.8224764764308929,2.842170943040401e-16,3.996911206852291,14.820063438415527,0.0,0.0,0.0,-488.69376445280875,24527.376445280872,29.0,571.0,50,0.5066666666666667
96,42,41,0,25915.651756535604,,224,0,19,0.3015,eval,212,141,,,3.7540943929906607,0.0,0.0,0.0,0.0,-602.3165175653561,25915.651756535604,41.0,758.0,50,0.4375
104,48,40,0,27473.5687057706,,224,1,29,0.2845,eval,34,148,,,4.0089445046520025,0.0,0.0,0.0,0.0,-610.3756870577062,27473.5687057706,40.0,782.0,50,0.46153846153846156
77,38,27,0,26008.075393773706,,224,2,14,0.2125,eval,132,113,,,3.367708623506655,0.0,0.0,0.0,0.0,-486.8207539377371,26008.075393773706,27.0,537.0,50,0.4935064935064935
89,52,18,0,24760.548057144413,,224,3,13,0.206,eval,132,174,,,4.020637907114966,0.0,0.0,0.0,0.0,-402.8454805714441,24760.548057144413,18.0,562.0,50,0.5842696629213483
84,41,30,0,25700.16562555283,,224,4,18,0.238,eval,154,119,,,4.375998706541313,0.0,0.0,0.0,0.0,-509.88165625552824,25700.16562555283,30.0,644.0,50,0.4880952380952381
97,60,29,0,26146.15165743145,14.819768905639648,225,,23,0.2915,train,172,211,0.8241327106952667,-9.769962616701378e-17,3.3983074212350544,14.810565910339356,0.0,0.0,0.0,-506.00151657431445,26146.15165743145,29.0,627.0,50,0.6185567010309279
71,51,11,0,26041.179553235037,14.884684562683105,226,,8,0.2065,train,180,155,0.7841300815343857,4.2188474935755947e-16,3.441935354150418,14.874965515136719,0.0,0.0,0.0,-355.9917955323504,26041.179553235037,11.0,379.0,50,0.7183098591549296
124,74,34,0,31007.982422885376,14.817290306091309,227,,13,0.1065,train,168,254,0.6877644956111908,-5.950795411990839e-16,5.69073826172747,14.814011936187745,0.0,0.0,0.0,-600.6998242288539,31007.982422885376,34.0,931.0,50,0.5967741935483871
85,57,22,0,25514.168201542736,14.82926082611084,228,,12,0.212,train,164,197,0.7720341831445694,-9.50350909079134e-16,3.9914960587958963,14.83339496612549,0.0,0.0,0.0,-442.1216820154274,25514.168201542736,22.0,549.0,50,0.6705882352941176
110,49,42,0,25662.132877336055,14.822152137756348,229,,29,0.2935,train,261,185,0.8116876482963562,1.4210854715202004e-16,3.8720174177869127,14.827834129333496,0.0,0.0,0.0,-609.1213287733607,25662.132877336055,42.0,825.0,50,0.44545454545454544
111,62,34,0,26851.628306915176,14.775300979614258,230,,29,0.3725,train,99,207,0.7874235957860947,4.529709940470639e-16,4.798039143629194,14.783782730102539,0.0,0.0,0.0,-557.3562830691518,26851.628306915176,34.0,842.0,50,0.5585585585585585
96,64,24,0,27312.92413624965,14.815099716186523,231,,13,0.196,train,162,209,0.7931896448135376,-6.217248937900877e-17,4.0463517439814325,14.824008693695069,0.0,0.0,0.0,-477.32924136249653,27312.92413624965,24.0,610.0,50,0.6666666666666666
88,51,23,0,23619.210245512924,14.826873779296875,232,,19,0.319,train,97,191,0.7655768543481827,7.638334409421077e-16,4.720179743498668,14.840940380096436,0.0,0.0,0.0,-433.1721024551293,23619.210245512924,23.0,649.0,50,0.5795454545454546
108,52,37,0,27051.237717646705,14.722721099853516,233,,25,0.271,train,98,191,0.8135610967874527,-4.3520742565306136e-16,4.735684441855658,14.742902565002442,0.0,0.0,0.0,-582.9723771764668,27051.237717646705,37.0,823.0,50,0.48148148148148145
93,46,38,0,26345.827528439193,14.70068645477295,234,,27,0.307,train,150,160,0.7891994267702103,1.1546319456101628e-16,4.814622176221117,14.711336860656738,0.0,0.0,0.0,-582.4382752843918,26345.827528439193,38.0,749.0,50,0.4946236559139785
87,58,21,0,27028.735168304545,14.771470069885254,235,,11,0.1555,train,212,187,0.7320365309715271,3.064215547965432e-16,4.942503214855117,14.774248733520508,0.0,0.0,0.0,-450.6073516830455,27028.735168304545,21.0,616.0,50,0.6666666666666666
94,57,25,0,27926.847492729597,14.7252779006958,236,,21,0.2495,train,60,198,0.7394152730703354,3.8191672047105384e-16,3.4736438547091417,14.727139472961426,0.0,0.0,0.0,-490.868474927296,27926.847492729597,25.0,580.0,50,0.6063829787234043
86,61,17,0,29020.598310034202,14.785460472106934,237,,9,0.2065,train,111,180,0.7123961746692657,1.865174681370263e-16,4.481189397093738,14.784243450164794,0.0,0.0,0.0,-437.3459831003421,29020.598310034202,17.0,557.0,50,0.7093023255813954
108,67,23,0,30844.264155532837,14.72974967956543,238,,13,0.14,train,84,241,0.8259341865777969,4.529709940470639e-16,4.113438635217754,14.725204219818115,0.0,0.0,0.0,-505.90264155532844,30844.264155532837,23.0,673.0,50,0.6203703703703703
78,61,16,0,25844.850565909517,14.808404922485352,239,,14,0.241,train,181,183,0.7944223135709763,-3.1974423109204507e-16,4.140388778075218,14.805012683868409,0.0,0.0,0.0,-396.22850565909516,25844.850565909517,16.0,489.0,50,0.782051282051282
78,47,22,0,24700.999787110868,14.789956092834473,240,,19,0.2625,train,38,147,0.7901551723480225,3.108624468950438e-16,3.440610192226606,14.777789230346679,0.0,0.0,0.0,-433.0699978711087,24700.999787110868,22.0,503.0,50,0.6025641025641025
80,45,25,0,26371.408561195898,14.808181762695312,241,,17,0.226,train,284,138,0.7616509199142456,5.684341886080802e-16,4.168201098093776,14.790719795227051,0.0,0.0,0.0,-475.3740856119592,26371.408561195898,25.0,583.0,50,0.5625
54,39,10,0,23816.80678437625,14.862979888916016,242,,9,0.199,train,46,111,0.742352083325386,-9.50350909079134e-16,2.1082862216809994,14.851869087219239,0.0,0.0,0.0,-322.9880678437625,23816.80678437625,10.0,241.0,50,0.7222222222222222
96,71,11,0,27388.31782800663,14.888842582702637,243,,8,0.1605,train,153,227,0.8158138394355774,4.39648317751562e-16,3.7215528206066004,14.882890510559083,0.0,0.0,0.0,-371.9231782800664,27388.31782800663,11.0,502.0,50,0.7395833333333334
73,54,13,0,26572.77860209834,14.874189376831055,244,,11,0.1835,train,97,151,0.7866265177726746,7.105427357601002e-16,4.281791606341373,14.872388153076171,0.0,0.0,0.0,-378.5477860209834,26572.77860209834,13.0,441.0,50,0.7397260273972602
81,51,20,0,26465.3776658433,14.843811988830566,245,,17,0.2655,train,59,160,0.8021811991930008,5.506706202140776e-16,3.246721299637203,14.839189262390137,0.0,0.0,0.0,-434.1737766584331,26465.3776658433,20.0,476.0,50,0.6296296296296297
74,50,18,0,27815.144689740726,14.869399070739746,246,,10,0.1965,train,305,151,0.776964545249939,2.575717417130363e-16,4.567757251715789,14.871611366271972,0.0,0.0,0.0,-432.1714468974073,27815.144689740726,18.0,501.0,50,0.6756756756756757
98,60,29,0,30401.889214138024,14.825206756591797,247,,14,0.2075,train,64,196,0.7967832982540131,-8.526512829121202e-16,4.956307404352939,14.83232421875,0.0,0.0,0.0,-550.4388921413805,30401.889214138024,29.0,721.0,50,0.6122448979591837
76,51,14,0,23679.046720686823,14.890846252441406,248,,13,0.269,train,21,169,0.8196392953395844,-2.1671553440683055e-15,2.834312266573251,14.888717155456543,0.0,0.0,0.0,-356.5104672068683,23679.046720686823,14.0,386.0,50,0.6710526315789473
79,53,18,0,26114.227108836465,14.8557710647583,249,,16,0.305,train,97,146,0.7832329571247101,-1.234568003383174e-15,3.579503613979308,14.862919235229493,0.0,0.0,0.0,-414.70227108836474,26114.227108836465,18.0,478.0,50,0.6708860759493671
94,50,35,0,27690.692926696465,,249,0,22,0.295,eval,72,148,,,3.5428386083521395,0.0,0.0,0.0,0.0,-570.2269292669647,27690.692926696465,35.0,666.0,50,0.5319148936170213
92,30,46,0,26942.82861754222,,249,1,29,0.2935,eval,177,79,,,4.551487859531941,0.0,0.0,0.0,0.0,-653.1282861754222,26942.82861754222,46.0,785.0,50,0.32608695652173914
80,49,20,0,26313.46054397602,,249,2,12,0.2125,eval,69,141,,,3.3002514817121322,0.0,0.0,0.0,0.0,-433.09460543976024,26313.46054397602,20.0,498.0,50,0.6125
94,49,29,0,27611.65211938221,,249,3,14,0.206,eval,707,144,,,4.576158995510349,0.0,0.0,0.0,0.0,-521.5565211938222,27611.65211938221,29.0,672.0,50,0.5212765957446809
88,44,32,0,26215.610192420496,,249,4,19,0.238,eval,185,141,,,4.293939172185293,0.0,0.0,0.0,0.0,-531.716101924205,26215.610192420496,32.0,678.0,50,0.5
