apps_arrived,apps_done,apps_failed,energy_j,episode,eval_seed,fail_uncovered,frac_unassociated,kind,leo_invalid_attempts,leo_placements,mean_delay_s,reward,success_rate
,,,,0,,,,train,,,,-447.2115800558597,
,,,,1,,,,train,,,,-444.35622508582316,
,,,,2,,,,train,,,,-464.6231875799652,
,,,,3,,,,train,,,,-445.4723098160416,
,,,,4,,,,train,,,,-452.4934057713478,
,,,,5,,,,train,,,,-362.08019445480596,
,,,,6,,,,train,,,,-354.6115337741187,
,,,,7,,,,train,,,,-409.5058354077674,
,,,,8,,,,train,,,,-489.0962583236005,
,,,,9,,,,train,,,,-447.08623816920385,
,,,,10,,,,train,,,,-372.55606439886174,
,,,,11,,,,train,,,,-542.2217592435368,
,,,,12,,,,train,,,,-439.8610111790948,
,,,,13,,,,train,,,,-474.55259762697597,
,,,,14,,,,train,,,,-386.45587580548863,
,,,,15,,,,train,,,,-344.0789441354074,
,,,,16,,,,train,,,,-331.2244311638364,
,,,,17,,,,train,,,,-410.9821137697762,
,,,,18,,,,train,,,,-515.9200054097084,
,,,,19,,,,train,,,,-342.4759963084826,
,,,,20,,,,train,,,,-436.65083134754474,
,,,,21,,,,train,,,,-447.17965775942133,
,,,,22,,,,train,,,,-432.937389288775,
,,,,23,,,,train,,,,-369.68128552833485,
,,,,24,,,,train,,,,-455.56205175502686,
,,,,25,,,,train,,,,-481.49505419126916,
,,,,26,,,,train,,,,-558.2853950941094,
,,,,27,,,,train,,,,-459.508094907291,
,,,,28,,,,train,,,,-460.24588088088524,
,,,,29,,,,train,,,,-526.9339912244888,
,,,,30,,,,train,,,,-331.52112102653433,
,,,,31,,,,train,,,,-450.83100685018036,
,,,,32,,,,train,,,,-378.7289458323424,
,,,,33,,,,train,,,,-444.00944152756006,
,,,,34,,,,train,,,,-371.50544254986784,
,,,,35,,,,train,,,,-287.52840213862265,
,,,,36,,,,train,,,,-469.5973565572743,
,,,,37,,,,train,,,,-394.6001996916285,
,,,,38,,,,train,,,,-361.4661445208247,
,,,,39,,,,train,,,,-544.343444718123,
,,,,40,,,,train,,,,-556.729201246823,
,,,,41,,,,train,,,,-487.4848201167936,
,,,,42,,,,train,,,,-400.84780853030617,
,,,,43,,,,train,,,,-408.2181271804183,
,,,,44,,,,train,,,,-496.5224411496788,
,,,,45,,,,train,,,,-465.37768333011115,
,,,,46,,,,train,,,,-402.6180038912837,
,,,,47,,,,train,,,,-478.1430014261375,
,,,,48,,,,train,,,,-540.2657396862116,
,,,,49,,,,train,,,,-438.28752761568506,
101,50,39,25095.420322070502,49,0,24,0.2885,eval,157,200,4.273906048646363,-578.5142032207051,0.49504950495049505
91,60,23,24621.18474386421,49,1,20,0.297,eval,94,206,3.386683653654444,-441.45184743864206,0.6593406593406593
80,46,24,24107.8151674395,49,2,17,0.2125,eval,148,148,3.2585769395211632,-443.47815167439506,0.575
99,61,26,21562.359133670725,49,3,15,0.206,eval,205,249,3.362028720982175,-436.0635913367073,0.6161616161616161
87,46,36,18751.16747350582,49,4,21,0.238,eval,422,197,2.602498154413978,-487.67167473505816,0.5287356321839081
,,,,50,,,,train,,,,-401.4579975363506,
,,,,51,,,,train,,,,-477.9964101193369,
,,,,52,,,,train,,,,-454.3890989483019,
,,,,53,,,,train,,,,-418.89181731009023,
,,,,54,,,,train,,,,-337.23107497131184,
,,,,55,,,,train,,,,-447.2527175837416,
,,,,56,,,,train,,,,-405.4552410282378,
,,,,57,,,,train,,,,-519.3848252075974,
,,,,58,,,,train,,,,-275.97248069814555,
,,,,59,,,,train,,,,-388.5527370446256,
,,,,60,,,,train,,,,-380.1198575306259,
,,,,61,,,,train,,,,-362.94389103227417,
,,,,62,,,,train,,,,-456.41776083221237,
,,,,63,,,,train,,,,-386.61276481757784,
,,,,64,,,,train,,,,-663.1319864283746,
,,,,65,,,,train,,,,-434.4460976785468,
,,,,66,,,,train,,,,-465.8686571313148,
,,,,67,,,,train,,,,-365.9360342260904,
,,,,68,,,,train,,,,-452.30225251378124,
,,,,69,,,,train,,,,-412.5524955348313,
,,,,70,,,,train,,,,-462.98808408558807,
,,,,71,,,,train,,,,-443.6794468368095,
,,,,72,,,,train,,,,-372.27474776510024,
,,,,73,,,,train,,,,-408.3060240636219,
,,,,74,,,,train,,,,-455.7192918789211,
,,,,75,,,,train,,,,-364.3774476109562,
,,,,76,,,,train,,,,-444.65009385656765,
,,,,77,,,,train,,,,-274.17041201779193,
,,,,78,,,,train,,,,-341.6107608406659,
,,,,79,,,,train,,,,-480.55743518931183,
,,,,80,,,,train,,,,-392.99830663730677,
,,,,81,,,,train,,,,-625.4119079514372,
,,,,82,,,,train,,,,-367.85612437140765,
,,,,83,,,,train,,,,-349.5933964519245,
,,,,84,,,,train,,,,-482.9119706548828,
,,,,85,,,,train,,,,-407.4723880520472,
,,,,86,,,,train,,,,-421.7331844904694,
,,,,87,,,,train,,,,-428.3343739718194,
,,,,88,,,,train,,,,-594.4985003119732,
,,,,89,,,,train,,,,-393.8701214832836,
,,,,90,,,,train,,,,-430.66069646241124,
,,,,91,,,,train,,,,-503.51974941791156,
,,,,92,,,,train,,,,-371.0793574250965,
,,,,93,,,,train,,,,-412.9634119217106,
,,,,94,,,,train,,,,-406.95264197852566,
,,,,95,,,,train,,,,-429.9755571700272,
,,,,96,,,,train,,,,-396.33759266151577,
,,,,97,,,,train,,,,-587.4209178734761,
,,,,98,,,,train,,,,-405.68993037727006,
,,,,99,,,,train,,,,-418.8137448605019,
100,57,36,22774.168157169377,99,0,23,0.295,eval,269,224,3.6613276363372758,-529.8016815716937,0.57
98,59,33,20474.9312509527,99,1,24,0.2935,eval,387,227,3.73690510144497,-481.98931250952694,0.6020408163265306
79,56,17,24883.258535843812,99,2,13,0.2125,eval,33,174,3.1987758257030365,-393.85258535843826,0.7088607594936709
96,66,19,21310.58397091387,99,3,11,0.206,eval,470,266,3.032745873771053,-375.72583970913877,0.6875
93,50,34,19958.73502075728,99,4,19,0.238,eval,314,221,3.7131011251004185,-485.1273502075728,0.5376344086021505
,,,,100,,,,train,,,,-368.5012184332468,
,,,,101,,,,train,,,,-566.0296791962555,
,,,,102,,,,train,,,,-311.28125015203403,
,,,,103,,,,train,,,,-491.14608654413183,
,,,,104,,,,train,,,,-431.2049145592405,
,,,,105,,,,train,,,,-424.45784960076213,
,,,,106,,,,train,,,,-414.115148334256,
,,,,107,,,,train,,,,-431.5009164234237,
,,,,108,,,,train,,,,-375.85267488131365,
,,,,109,,,,train,,,,-414.883161641987,
,,,,110,,,,train,,,,-440.32445980193455,
,,,,111,,,,train,,,,-282.6460402671615,
,,,,112,,,,train,,,,-475.82800558495967,
,,,,113,,,,train,,,,-507.6173240198422,
,,,,114,,,,train,,,,-487.0593038828461,
,,,,115,,,,train,,,,-459.46459113634245,
,,,,116,,,,train,,,,-379.90617419607014,
,,,,117,,,,train,,,,-404.9917473717837,
,,,,118,,,,train,,,,-407.7475127228722,
,,,,119,,,,train,,,,-586.7583101413485,
,,,,120,,,,train,,,,-502.9143379866124,
,,,,121,,,,train,,,,-427.3256178299652,
,,,,122,,,,train,,,,-354.8796548465146,
,,,,123,,,,train,,,,-367.4662668310362,
,,,,124,,,,train,,,,-484.34579902262914,
,,,,125,,,,train,,,,-345.7520308035563,
,,,,126,,,,train,,,,-504.92051195267703,
,,,,127,,,,train,,,,-364.50957244101505,
,,,,128,,,,train,,,,-481.0066298306439,
,,,,129,,,,train,,,,-366.71553169310357,
,,,,130,,,,train,,,,-492.98089564387817,
,,,,131,,,,train,,,,-439.0253267106731,
,,,,132,,,,train,,,,-400.75416847700376,
,,,,133,,,,train,,,,-389.28658940308577,
,,,,134,,,,train,,,,-570.7100185781129,
,,,,135,,,,train,,,,-548.127505016877,
,,,,136,,,,train,,,,-307.5492147474196,
,,,,137,,,,train,,,,-356.1377950896403,
,,,,138,,,,train,,,,-342.5841197150001,
,,,,139,,,,train,,,,-419.3390931817145,
,,,,140,,,,train,,,,-436.74679878313117,
,,,,141,,,,train,,,,-401.76104285426203,
,,,,142,,,,train,,,,-475.43053938036735,
,,,,143,,,,train,,,,-388.02258887605643,
,,,,144,,,,train,,,,-530.7032170814623,
,,,,145,,,,train,,,,-487.1385109323159,
,,,,146,,,,train,,,,-372.64943258936626,
,,,,147,,,,train,,,,-523.6766077063156,
,,,,148,,,,train,,,,-365.78019158898053,
,,,,149,,,,train,,,,-471.1712131317689,
106,61,40,21574.178408688975,149,0,25,0.2885,eval,500,251,3.4209540110369225,-550.7417840868898,0.5754716981132075
99,57,28,20900.46113481957,149,1,21,0.297,eval,273,217,2.500294941551253,-444.8046113481957,0.5757575757575758
85,64,17,25547.554996359344,149,2,14,0.2125,eval,114,204,2.816312291040967,-400.3555499635932,0.7529411764705882
96,64,22,24339.7674102773,149,3,13,0.206,eval,371,213,3.178184456974985,-430.53767410277294,0.6666666666666666
92,59,26,19857.70574411785,149,4,18,0.238,eval,171,227,2.5034914490804523,-417.2570574411786,0.6413043478260869
,,,,150,,,,train,,,,-283.1111616082867,
,,,,151,,,,train,,,,-461.78115789040584,
,,,,152,,,,train,,,,-357.3220628537314,
,,,,153,,,,train,,,,-363.23685160846406,
,,,,154,,,,train,,,,-386.3108100781829,
,,,,155,,,,train,,,,-543.6887688036106,
,,,,156,,,,train,,,,-303.2029847434128,
,,,,157,,,,train,,,,-370.72588940714434,
,,,,158,,,,train,,,,-385.74531723631765,
,,,,159,,,,train,,,,-418.16830951002464,
,,,,160,,,,train,,,,-376.47241463243574,
,,,,161,,,,train,,,,-317.65505081360124,
,,,,162,,,,train,,,,-370.9331433327838,
,,,,163,,,,train,,,,-397.28308648279074,
,,,,164,,,,train,,,,-419.81794135165757,
,,,,165,,,,train,,,,-332.8292930760745,
,,,,166,,,,train,,,,-427.9925623135041,
,,,,167,,,,train,,,,-484.51408089817977,
,,,,168,,,,train,,,,-390.06137223631004,
,,,,169,,,,train,,,,-432.44188251133636,
,,,,170,,,,train,,,,-335.4384733573798,
,,,,171,,,,train,,,,-342.30886741521454,
,,,,172,,,,train,,,,-425.27291060504257,
,,,,173,,,,train,,,,-458.6348400953877,
,,,,174,,,,train,,,,-435.823016405036,
,,,,175,,,,train,,,,-403.0466314008196,
,,,,176,,,,train,,,,-441.35292947340355,
,,,,177,,,,train,,,,-386.4161479705842,
,,,,178,,,,train,,,,-476.2007611117321,
,,,,179,,,,train,,,,-397.88782995937123,
,,,,180,,,,train,,,,-478.326902539047,
,,,,181,,,,train,,,,-457.734292279724,
,,,,182,,,,train,,,,-358.7092912961944,
,,,,183,,,,train,,,,-407.93807488763355,
,,,,184,,,,train,,,,-385.7352492812777,
,,,,185,,,,train,,,,-487.3095768174296,
,,,,186,,,,train,,,,-422.7508692683195,
,,,,187,,,,train,,,,-458.0598242526938,
,,,,188,,,,train,,,,-477.07769663518616,
,,,,189,,,,train,,,,-358.9372969606288,
,,,,190,,,,train,,,,-393.9512982007756,
,,,,191,,,,train,,,,-402.29064549868616,
,,,,192,,,,train,,,,-378.9974463882266,
,,,,193,,,,train,,,,-300.95585236818454,
,,,,194,,,,train,,,,-442.47309222636966,
,,,,195,,,,train,,,,-392.8660959893682,
,,,,196,,,,train,,,,-405.9903648551148,
,,,,197,,,,train,,,,-470.01223372771796,
,,,,198,,,,train,,,,-372.9027013002804,
,,,,199,,,,train,,,,-513.0692595434804,
108,66,34,23123.810432714276,199,0,24,0.2885,eval,248,259,3.099295879929687,-516.9181043271428,0.6111111111111112
106,60,31,19976.76026517633,199,1,26,0.297,eval,89,246,3.0123287461389396,-461.58760265176335,0.5660377358490566
83,58,16,25888.84562274566,199,2,11,0.2125,eval,43,195,2.7569249102507634,-395.2684562274566,0.6987951807228916
100,60,24,23418.557065818437,199,3,9,0.206,eval,385,238,3.0015012564756423,-438.1055706581844,0.6
88,52,32,19829.59714559665,199,4,22,0.238,eval,182,198,3.277598820523312,-466.35597145596665,0.5909090909090909
,,,,200,,,,train,,,,-479.0471312700416,
,,,,201,,,,train,,,,-463.35894600002626,
,,,,202,,,,train,,,,-508.58935083551995,
,,,,203,,,,train,,,,-351.48918806227516,
,,,,204,,,,train,,,,-389.258100889121,
,,,,205,,,,train,,,,-457.95628990922614,
,,,,206,,,,train,,,,-444.98678760899475,
,,,,207,,,,train,,,,-414.65469364910655,
,,,,208,,,,train,,,,-403.48351565673363,
,,,,209,,,,train,,,,-416.3309127733511,
,,,,210,,,,train,,,,-392.71403568497067,
,,,,211,,,,train,,,,-313.47473022227166,
,,,,212,,,,train,,,,-460.297820732636,
,,,,213,,,,train,,,,-539.3044533150596,
,,,,214,,,,train,,,,-476.9729223010732,
,,,,215,,,,train,,,,-274.40466185127485,
,,,,216,,,,train,,,,-433.2642140659561,
,,,,217,,,,train,,,,-349.0806745955771,
,,,,218,,,,train,,,,-372.57263030533744,
,,,,219,,,,train,,,,-430.6340677537716,
,,,,220,,,,train,,,,-425.85795231532256,
,,,,221,,,,train,,,,-355.9738449035083,
,,,,222,,,,train,,,,-403.75344034643354,
,,,,223,,,,train,,,,-454.9780122688359,
,,,,224,,,,train,,,,-455.55446523483295,
,,,,225,,,,train,,,,-403.17268044944706,
,,,,226,,,,train,,,,-416.71824982430553,
,,,,227,,,,train,,,,-544.1573775518751,
,,,,228,,,,train,,,,-352.2165262850137,
,,,,229,,,,train,,,,-361.0673041690441,
,,,,230,,,,train,,,,-387.42386617027324,
,,,,231,,,,train,,,,-304.5919820481816,
,,,,232,,,,train,,,,-380.9334625936699,
,,,,233,,,,train,,,,-392.32059151137565,
,,,,234,,,,train,,,,-443.62847869604866,
,,,,235,,,,train,,,,-373.02786272535303,
,,,,236,,,,train,,,,-346.5737213615637,
,,,,237,,,,train,,,,-418.57327948191227,
,,,,238,,,,train,,,,-562.6463954129383,
,,,,239,,,,train,,,,-564.8425852216226,
,,,,240,,,,train,,,,-394.0941206021829,
,,,,241,,,,train,,,,-366.45613584772633,
,,,,242,,,,train,,,,-575.6960854829417,
,,,,243,,,,train,,,,-418.7652089976173,
,,,,244,,,,train,,,,-478.794063503917,
,,,,245,,,,train,,,,-414.75256507521283,
,,,,246,,,,train,,,,-404.99040978289725,
,,,,247,,,,train,,,,-488.4936616546547,
,,,,248,,,,train,,,,-409.59939408505005,
,,,,249,,,,train,,,,-273.61957689556436,
110,69,34,25672.14005736669,249,0,20,0.295,eval,123,259,3.946880206884135,-543.601400573667,0.6272727272727273
104,66,28,22159.79066523283,249,1,24,0.2935,eval,117,250,3.2537305848397224,-458.0579066523284,0.6346153846153846
80,53,19,22944.115719264933,249,2,10,0.2125,eval,142,197,3.286623027343059,-391.0411571926493,0.6625
95,42,37,22276.208344443457,249,3,15,0.206,eval,443,179,2.9520407270025637,-532.3020834444345,0.4421052631578947
88,50,32,20122.167118062465,249,4,21,0.238,eval,153,196,3.2159991962075356,-469.34167118062464,0.5681818181818182
,,,,250,,,,train,,,,-533.6809808753751,
,,,,251,,,,train,,,,-286.25363591632066,
,,,,252,,,,train,,,,-465.87317546446207,
,,,,253,,,,train,,,,-565.6068235539775,
,,,,254,,,,train,,,,-330.44513690375544,
,,,,255,,,,train,,,,-285.7936284863395,
,,,,256,,,,train,,,,-550.8473224156476,
,,,,257,,,,train,,,,-479.40161584065186,
,,,,258,,,,train,,,,-392.51676273198814,
,,,,259,,,,train,,,,-399.833310903205,
,,,,260,,,,train,,,,-349.6074228040193,
,,,,261,,,,train,,,,-375.85882486864443,
,,,,262,,,,train,,,,-374.3455892622698,
,,,,263,,,,train,,,,-435.9492730898847,
,,,,264,,,,train,,,,-499.05332062773965,
,,,,265,,,,train,,,,-408.7718638729134,
,,,,266,,,,train,,,,-397.34401602338914,
,,,,267,,,,train,,,,-592.3078498733619,
,,,,268,,,,train,,,,-396.6980235214245,
,,,,269,,,,train,,,,-290.62427526582314,
,,,,270,,,,train,,,,-401.8259612539102,
,,,,271,,,,train,,,,-523.916004900792,
,,,,272,,,,train,,,,-424.17199162874954,
,,,,273,,,,train,,,,-486.41342134841193,
,,,,274,,,,train,,,,-313.3776386627913,
,,,,275,,,,train,,,,-245.78371040746327,
,,,,276,,,,train,,,,-387.6988431369771,
,,,,277,,,,train,,,,-372.42190952976483,
,,,,278,,,,train,,,,-321.8327354761741,
,,,,279,,,,train,,,,-309.7082864836029,
,,,,280,,,,train,,,,-555.4232845981592,
,,,,281,,,,train,,,,-405.6779242403489,
,,,,282,,,,train,,,,-300.0789167536481,
,,,,283,,,,train,,,,-444.1880533959612,
,,,,284,,,,train,,,,-397.33607488228444,
,,,,285,,,,train,,,,-367.69091981338505,
,,,,286,,,,train,,,,-469.85971433502414,
,,,,287,,,,train,,,,-383.8667526421112,
,,,,288,,,,train,,,,-406.7565404582915,
,,,,289,,,,train,,,,-387.11469631106314,
,,,,290,,,,train,,,,-458.0451393357866,
,,,,291,,,,train,,,,-487.95990557623753,
,,,,292,,,,train,,,,-392.06092409186317,
,,,,293,,,,train,,,,-471.7977079129304,
,,,,294,,,,train,,,,-572.7420647010099,
,,,,295,,,,train,,,,-415.4675286044822,
,,,,296,,,,train,,,,-472.9867639792592,
,,,,297,,,,train,,,,-366.4204264307784,
,,,,298,,,,train,,,,-447.0852370133491,
,,,,299,,,,train,,,,-402.80319875758,
98,57,31,22316.418623077567,299,0,21,0.319,eval,205,213,3.3955281034685116,-483.92418623077566,0.5816326530612245
100,58,28,20638.738037334446,299,1,26,0.3075,eval,142,240,3.256395877919695,-442.8873803733446,0.58
80,53,19,22944.115719264933,299,2,10,0.2125,eval,142,197,3.286623027343059,-391.0411571926493,0.6625
95,42,37,22276.208344443457,299,3,15,0.206,eval,443,179,2.9520407270025637,-532.3020834444345,0.4421052631578947
88,50,32,19999.326517836005,299,4,21,0.238,eval,155,197,3.1909369218343135,-468.11326517836005,0.5681818181818182
,,,,300,,,,train,,,,-520.5805421143665,
,,,,301,,,,train,,,,-410.48016899192646,
,,,,302,,,,train,,,,-360.2171372898584,
,,,,303,,,,train,,,,-378.8673651306266,
,,,,304,,,,train,,,,-366.3822064569918,
,,,,305,,,,train,,,,-493.09013063729867,
,,,,306,,,,train,,,,-421.4521397215698,
,,,,307,,,,train,,,,-375.913224455543,
,,,,308,,,,train,,,,-452.71710715067695,
,,,,309,,,,train,,,,-412.3963358348741,
,,,,310,,,,train,,,,-451.43919759237224,
,,,,311,,,,train,,,,-308.93211438728724,
,,,,312,,,,train,,,,-298.91705208555464,
,,,,313,,,,train,,,,-428.8380417423746,
,,,,314,,,,train,,,,-425.51967433385227,
,,,,315,,,,train,,,,-446.64932637467376,
,,,,316,,,,train,,,,-468.1268638371159,
,,,,317,,,,train,,,,-403.1795348449691,
,,,,318,,,,train,,,,-414.24475483818355,
,,,,319,,,,train,,,,-405.7326297797543,
,,,,320,,,,train,,,,-424.4278589434128,
,,,,321,,,,train,,,,-455.5329774792843,
,,,,322,,,,train,,,,-301.1076591873473,
,,,,323,,,,train,,,,-473.8484693098559,
,,,,324,,,,train,,,,-350.58582508774555,
,,,,325,,,,train,,,,-274.77970045972285,
,,,,326,,,,train,,,,-514.8393990317726,
,,,,327,,,,train,,,,-340.6689619263166,
,,,,328,,,,train,,,,-428.02354563662607,
,,,,329,,,,train,,,,-422.47015879579635,
,,,,330,,,,train,,,,-325.4694420668955,
,,,,331,,,,train,,,,-414.510915110755,
,,,,332,,,,train,,,,-265.82448712144014,
,,,,333,,,,train,,,,-358.90781670606543,
,,,,334,,,,train,,,,-434.6276826779889,
,,,,335,,,,train,,,,-569.4640769536794,
,,,,336,,,,train,,,,-469.19357411766885,
,,,,337,,,,train,,,,-424.89839487576586,
,,,,338,,,,train,,,,-374.87268930562897,
,,,,339,,,,train,,,,-457.6311738684553,
,,,,340,,,,train,,,,-372.48945741271865,
,,,,341,,,,train,,,,-546.8077460273926,
,,,,342,,,,train,,,,-449.9658501138479,
,,,,343,,,,train,,,,-388.73092322642583,
,,,,344,,,,train,,,,-349.8107283673306,
,,,,345,,,,train,,,,-402.27097788366456,
,,,,346,,,,train,,,,-442.90920921674194,
,,,,347,,,,train,,,,-383.692163341973,
,,,,348,,,,train,,,,-532.779183743942,
,,,,349,,,,train,,,,-434.6848032091879,
104,60,39,20027.2376639078,349,0,28,0.3095,eval,395,254,2.6923463260437064,-525.732376639078,0.5769230769230769
100,58,28,20638.738037334446,349,1,26,0.3075,eval,142,240,3.256395877919695,-442.8873803733446,0.58
80,53,19,22944.115719264933,349,2,10,0.2125,eval,142,197,3.286623027343059,-391.0411571926493,0.6625
95,42,37,22276.208344443457,349,3,15,0.206,eval,443,179,2.9520407270025637,-532.3020834444345,0.4421052631578947
88,50,32,19999.326517836005,349,4,21,0.238,eval,155,197,3.1909369218343135,-468.11326517836005,0.5681818181818182
,,,,350,,,,train,,,,-262.75865355891244,
,,,,351,,,,train,,,,-372.1171037120187,
,,,,352,,,,train,,,,-481.0806631782231,
,,,,353,,,,train,,,,-569.9502707983997,
,,,,354,,,,train,,,,-323.48376227224014,
,,,,355,,,,train,,,,-444.89370381806634,
,,,,356,,,,train,,,,-358.63816874342285,
,,,,357,,,,train,,,,-408.5654109350299,
,,,,358,,,,train,,,,-471.94023688895055,
,,,,359,,,,train,,,,-351.2779370456247,
,,,,360,,,,train,,,,-411.2723815587512,
,,,,361,,,,train,,,,-292.98450473021,
,,,,362,,,,train,,,,-361.33095091697044,
,,,,363,,,,train,,,,-470.65322574985476,
,,,,364,,,,train,,,,-508.67547440078573,
,,,,365,,,,train,,,,-418.48370068382707,
,,,,366,,,,train,,,,-337.433356106854,
,,,,367,,,,train,,,,-405.1897165015704,
,,,,368,,,,train,,,,-449.93836794831077,
,,,,369,,,,train,,,,-511.6042611476448,
,,,,370,,,,train,,,,-362.76260678998545,
,,,,371,,,,train,,,,-405.2512752419159,
,,,,372,,,,train,,,,-525.4421778145341,
,,,,373,,,,train,,,,-387.95355463703055,
,,,,374,,,,train,,,,-397.7446143967869,
,,,,375,,,,train,,,,-442.47364883918846,
,,,,376,,,,train,,,,-473.7474118439076,
,,,,377,,,,train,,,,-450.5737135700118,
,,,,378,,,,train,,,,-516.5216960011937,
,,,,379,,,,train,,,,-413.25482960041944,
,,,,380,,,,train,,,,-354.30523935739365,
,,,,381,,,,train,,,,-352.70021970532014,
,,,,382,,,,train,,,,-591.1785713346507,
,,,,383,,,,train,,,,-492.39106561761093,
,,,,384,,,,train,,,,-374.9646198983003,
,,,,385,,,,train,,,,-383.95464478128963,
,,,,386,,,,train,,,,-385.7376217979378,
,,,,387,,,,train,,,,-497.01638882632557,
,,,,388,,,,train,,,,-356.1274905593519,
,,,,389,,,,train,,,,-480.53504822330683,
,,,,390,,,,train,,,,-429.86972993725357,
,,,,391,,,,train,,,,-407.9606363840679,
,,,,392,,,,train,,,,-430.8427420776379,
,,,,393,,,,train,,,,-264.3499139911906,
,,,,394,,,,train,,,,-362.80272739793594,
,,,,395,,,,train,,,,-428.16507192694377,
,,,,396,,,,train,,,,-292.13297482865795,
,,,,397,,,,train,,,,-354.15758869905153,
,,,,398,,,,train,,,,-331.6222083013899,
,,,,399,,,,train,,,,-505.64923607344434,
103,58,36,22600.518179006347,399,0,23,0.3095,eval,229,235,2.9226075920464516,-527.8251817900634,0.5631067961165048
100,58,28,20638.738037334446,399,1,26,0.3075,eval,142,240,3.256395877919695,-442.8873803733446,0.58
80,53,19,22944.115719264933,399,2,10,0.2125,eval,142,197,3.286623027343059,-391.0411571926493,0.6625
95,42,37,22276.208344443457,399,3,15,0.206,eval,443,179,2.9520407270025637,-532.3020834444345,0.4421052631578947
88,50,32,19999.326517836005,399,4,21,0.238,eval,155,197,3.1909369218343135,-468.11326517836005,0.5681818181818182
